0x8b0890,CP,ObjTypeID,PaletteID,TileConfigID,MapID,Anims1,Anims2,MapChangesID,Fog,N/A,Chapter Title,N/A,Init. X,Init. Y,Weather,BattleBG,DifficultyBonus,Player Phase BGM,Enemy Phase BGM,NPC Phase BGM,Player Battle BGM,Enemy Battle BGM,Ally Battle BGM,Player BGM Flag 4,Enemy BGM Flag 4,Prep BGM,N/A,N/A,Wall HP,N/A,N/A,N/A,N/A,N/A,N/A,N/A,N/A,N/A,N/A,N/A,N/A,N/A,N/A,N/A,N/A,Convoy,N/A,N/A,N/A,N/A,N/A,N/A,N/A,N/A,N/A,N/A,N/A,N/A,N/A,N/A,N/A,N/A,N/A,N/A,N/A,N/A,N/A,ChName,ChName,EventsID,MapEvent,N/A,N/A,N/A,N/A,N/A,N/A,N/A,N/A,N/A,N/A,ChNumber,N/A,N/A,N/A,N/A,N/A,Victory Music TF,Dark Before Initial Event,StatusObjectiveText,GoalWindowText,GoalWindowInfo,Turns to Defend,Unit to Defend,Withdrawal X,Y,N/A,N/A,N/A
_Prologue,0x81c32c8,OBJTown,PALDalstTown,TILTown,Map0,ANITown,0x0,MapChange0,0x0,0x0,0x0,0x0,1,0,0x0,0x0,0x130,S_TasteOfJustice,S_TasteOfJustice,S_TasteOfJustice,S_SMTVBattle,S_FE5Battle,S_SMTVBattle,0xffff,0xffff,S_BabaIsYou,0xffff,0xffff,25,5,5,5,5,6,6,6,6,7,7,7,7,8,8,8,8,0x0,100,100,100,100,80,80,80,80,60,60,60,60,40,40,40,40,0,1060,1060,1060,1060,_Prologue,_Prologue,Events0,0x1,0x0,0x0,0x0,0x0,0x0,0x0,0x0,0x0,0x0,0x0,0x0,0x0,0xff,0xff,0x0,0x0,0x1,0x1,_SeizeBuild,_Seize,0x0,0,0x0,255,0,0x1d,0x0,0x0
_Chapt1,0x81c32cc,OBJField,PALDalstField,TILField,Map1,ANIField,0x0,MapChange1,0x0,0x0,0x1,0x0,1,0,0x0,0x0,0x130,S_MasterOfWater,S_MasterOfWater,S_MasterOfWater,S_SMTVBattle,S_FE5Battle,S_SMTVBattle,0xffff,0xffff,S_BabaIsYou,0xffff,0xffff,25,5,5,5,5,6,6,6,6,7,7,7,7,8,8,8,8,0x0,100,100,100,100,80,80,80,80,60,60,60,60,40,40,40,40,0,1060,1060,1060,1060,_Chapt1,_Chapt1,Events1,0x2,0x0,0x0,0x0,0x0,0x0,0x0,0x0,0x0,0x0,0x0,0x2,0x0,0xff,0xff,0x0,0x0,0x0,0x1,_Ch1Survive,_Survive,0x2,8,0x0,255,0,0x18,0x0,0x0
_Chapt2,0x81c32d0,OBJTown,PALDalstTown,TILTown,Map2,ANITown,0x0,MapChange2,0x0,0x0,0x2,0x0,1,0,0x0,0x0,0x130,S_MasterOfWater,S_MasterOfWater,S_MasterOfWater,S_SMTVBattle,S_FE5Battle,S_SMTVBattle,0xffff,0xffff,S_BabaIsYou,0xffff,0xffff,25,5,5,5,5,6,6,6,6,7,7,7,7,8,8,8,8,0x0,100,100,100,100,80,80,80,80,60,60,60,60,40,40,40,40,0,1060,1060,1060,1060,_Chapt2,_Chapt2,Events2,0x3,0x0,0x0,0x0,0x0,0x0,0x0,0x0,0x0,0x0,0x0,0x4,0x0,0xff,0xff,0x0,0x0,0x1,0x1,_Ch2Seize,_Seize,0x0,0,0x0,255,0,0x3,0x0,0x0
_Chapt3,0x81c32d4,OBJCastle,PALLowlandsCastle,TILCastle,Map3,ANICastle,0x0,MapChange3,0x0,0x0,0x3,0x0,8,10,0x0,0x5,0x140,S_DenpaMenPalace,S_DenpaMenPalace,S_DenpaMenPalace,S_SMTVBattle,S_FE5Battle,S_SMTVBattle,0xffff,0xffff,S_BabaIsYou,0xffff,0xffff,25,5,5,5,5,6,6,6,6,7,7,7,7,8,8,8,8,0x0,100,100,100,100,80,80,80,80,60,60,60,60,40,40,40,40,0,1060,1060,1060,1060,_Chapt3,_Chapt3,Events3,0x4,0x0,0x0,0x0,0x0,0x0,0x0,0x0,0x0,0x0,0x0,0x6,0x0,0xff,0xff,0x0,0x0,0x1,0x1,_Ch3Seize,_Seize,0x0,0,0x0,255,0,0x28,0x0,0x0
_Chapt4,0x81c32d8,OBJField,PALDalstField,TILField,Map4,ANIField,0x0,MapChange4,0x0,0x0,0x4,0x0,23,7,0x0,0x0,0x240,S_ShackledWolves,S_ShackledWolves,S_ShackledWolves,S_SMTVBattle,S_FE5Battle,S_SMTVBattle,S_Metamorphosis,S_Metamorphosis,S_BabaIsYou,0xffff,0xffff,50,5,5,5,5,6,6,6,6,7,7,7,7,8,8,8,8,0x0,100,100,100,100,80,80,80,80,60,60,60,60,40,40,40,40,0,1060,1060,1060,1060,_Chapt4,_Chapt4,Events4,0x5,0x0,0x0,0x0,0x0,0x0,0x0,0x0,0x0,0x0,0x0,0x8,0x0,0xff,0xff,0x0,0x0,0x0,0x1,_Ch4Escape,_Escape,0x0,0,0x0,255,0,0x18,0x0,0x0
_Chapt5,0x81c32dc,OBJSwamp,PALMevionSwamp,TILSwamp,Map5,ANIField,0x0,MapChange5,0x5,0x0,0x5,0x0,24,12,0x0,0x14,0x240,S_Premonition,S_Premonition,S_Premonition,S_SMTVBattle,S_FE5Battle,S_SMTVBattle,0xffff,0xffff,S_BabaIsYou,0xffff,0xffff,50,5,5,5,5,6,6,6,6,7,7,7,7,8,8,8,8,0x0,100,100,100,100,80,80,80,80,60,60,60,60,40,40,40,40,0,1060,1060,1060,1060,_Chapt5,_Chapt5,Events5,0x6,0x0,0x0,0x0,0x0,0x0,0x0,0x0,0x0,0x0,0x0,0xa,0x0,0xff,0xff,0x0,0x0,0x0,0x1,_Ch5BossKill,_BossKill,0x3,0,0x0,255,0,0xc,0x0,0x0
_Chapt6,0x81c32e0,OBJSwamp,PALMevionSwamp,TILSwamp,Map6,ANIField,0x0,MapChange6,0x0,0x0,0x6,0x0,11,24,0x0,0x14,0x250,S_TearsOfResolution,S_TearsOfResolution,S_TearsOfResolution,S_SMTVBattle,S_FE5Battle,S_SMTVBattle,0xffff,0xffff,S_BabaIsYou,0xffff,0xffff,50,5,5,5,5,6,6,6,6,7,7,7,7,8,8,8,8,0x0,100,100,100,100,80,80,80,80,60,60,60,60,40,40,40,40,0,1060,1060,1060,1060,_Chapt6,_Chapt6,Events6,0x7,0x0,0x0,0x0,0x0,0x0,0x0,0x0,0x0,0x0,0x0,0xc,0x0,0xff,0xff,0x0,0x0,0x1,0x1,_Ch6Seize,_Seize,0x0,0,0x0,255,0,0x5,0x0,0x0
_Chapt7,0x81c32e4,OBJField,PALElbaCorField,TILField,Map7,ANIField,0x0,MapChange7,0x0,0x0,0x7,0x0,0,20,0x0,0x0,0x250,S_TearsOfResolution,S_TearsOfResolution,S_TearsOfResolution,S_SMTVBattle,S_FE5Battle,S_SMTVBattle,0xffff,0xffff,S_BabaIsYou,0xffff,0xffff,50,5,5,5,5,6,6,6,6,7,7,7,7,8,8,8,8,0x0,100,100,100,100,80,80,80,80,60,60,60,60,40,40,40,40,0,1060,1060,1060,1060,_Chapt7,_Chapt7,Events7,0x8,0x0,0x0,0x0,0x0,0x0,0x0,0x0,0x0,0x0,0x0,0xe,0x0,0xff,0xff,0x0,0x0,0x0,0x1,_Ch7TalknKill,_Talk,0x0,0,Brandl,255,0,0x1a,0x0,0x0
_Chapt8,0x81c32e8,OBJVolcano,PALVolcano,TILVolcano,Map8,0x0,ANILava,MapChange8,0x5,0x0,0x8,0x0,10,23,0x0,0x2,0x250,S_LastBibleField,S_LastBibleField,S_LastBibleField,S_LastBibleField,S_LastBibleField,S_LastBibleField,0xffff,0xffff,S_BabaIsYou,0xffff,0xffff,50,5,5,5,5,6,6,6,6,7,7,7,7,8,8,8,8,0x0,100,100,100,100,80,80,80,80,60,60,60,60,40,40,40,40,0,1060,1060,1060,1060,_Chapt8,_Chapt8,Events8,0x9,0x0,0x0,0x0,0x0,0x0,0x0,0x0,0x0,0x0,0x0,0x10,0x0,0xff,0xff,0x0,0x0,0x1,0x1,_Ch8Rout,_Rout,0x1,0,0x0,255,0,0x18,0x0,0x0
_Chapt9,0x81c32ec,OBJTown,PALBoatyTown,TILTown,Map9,ANITown,0x0,MapChange9,0x0,0x0,0x9,0x0,20,5,0x4,0x8,0x260,S_ElfField,S_ElfField,S_ElfField,S_SMTVBattle,S_FE5Battle,S_SMTVBattle,0xffff,0xffff,S_SkyBattle,0xffff,0xffff,50,5,5,5,5,6,6,6,6,7,7,7,7,8,8,8,8,0x0,100,100,100,100,80,80,80,80,60,60,60,60,40,40,40,40,0,1060,1060,1060,1060,_Chapt9,_Chapt9,Events9,0xa,0x0,0x0,0x0,0x0,0x0,0x0,0x0,0x0,0x0,0x0,0x12,0x0,0xff,0xff,0x0,0x0,0x0,0x1,_Ch9BossKill,_BossKill,0x3,0,0x0,255,0,0xc,0x0,0x0
_Chapt10,0x81c32f0,OBJTown,PALBoatyTown,TILTown,Map10,ANITown,0x0,MapChange10,0x0,0x0,0xa,0x0,15,23,0x5,0x8,0x360,S_Stickerbrush,S_Stickerbrush,S_Stickerbrush,S_Stickerbrush,S_Stickerbrush,S_Stickerbrush,0xffff,0xffff,S_SkyBattle,0xffff,0xffff,50,5,5,5,5,6,6,6,6,7,7,7,7,8,8,8,8,0x0,100,100,100,100,80,80,80,80,60,60,60,60,40,40,40,40,0,1060,1060,1060,1060,_Chapt10,_Chapt10,Events10,0xb,0x0,0x0,0x0,0x0,0x0,0x0,0x0,0x0,0x0,0x0,0x14,0x0,0xff,0xff,0x0,0x0,0x0,0x1,_Ch10Escape,_Escape,0x2,21,0x0,255,0,0x7,0x0,0x0
_Chapt11,0x81c32f4,OBJDesert,PALDesert,TILDesert,Map11,ANIField,0x0,MapChange11,0x0,0x0,0xb,0x0,15,15,0x6,0x9,0x370,S_DraculaCastle,S_DraculaCastle,S_DraculaCastle,S_SMTVBattle,S_FE5Battle,S_SMTVBattle,0xffff,0xffff,S_SkyBattle,0xffff,0xffff,50,5,5,5,5,6,6,6,6,7,7,7,7,8,8,8,8,0x0,100,100,100,100,80,80,80,80,60,60,60,60,40,40,40,40,0,1060,1060,1060,1060,_Chapt11,_Chapt11,Events11,0xc,0x0,0x0,0x0,0x0,0x0,0x0,0x0,0x0,0x0,0x0,0x16,0x0,0xff,0xff,0x0,0x0,0x1,0x1,_Ch3Seize,_Seize,0x0,0,0x0,255,0,0x1d,0x0,0x0
_Chapt12,0x81c32f8,OBJDesert,PALDesert,TILDesert,Map12,ANIField,0x0,MapChange12,0x0,0x0,0xc,0x0,8,22,0x7,0xb,0x370,S_SkyTower,S_SkyTower,S_SkyTower,S_SMTVBattle,S_FE5Battle,S_SMTVBattle,0xffff,0xffff,S_SkyBattle,0xffff,0xffff,50,5,5,5,5,6,6,6,6,7,7,7,7,8,8,8,8,0x0,100,100,100,100,80,80,80,80,60,60,60,60,40,40,40,40,0,1060,1060,1060,1060,_Chapt12,_Chapt12,Events12,0xd,0x0,0x0,0x0,0x0,0x0,0x0,0x0,0x0,0x0,0x0,0x18,0x0,0xff,0xff,0x0,0x0,0x0,0x1,_Ch12BossKill,_BossKill,0x3,0,0x0,255,0,0x1d,0x0,0x0
_Chapt13,0x81c32fc,OBJFrontier,PALYgstraFrontier,TILFrontier,Map13,ANIFrontier,0x0,MapChange13,0x0,0x0,0xd,0x0,0,0,0x0,0x0,0x470,S_ForTheCommanders,S_ForTheCommanders,S_ForTheCommanders,S_SMTVBattle,S_FE5Battle,S_SMTVBattle,0xffff,0xffff,S_SkyBattle,0xffff,0xffff,50,5,5,5,5,6,6,6,6,7,7,7,7,8,8,8,8,0x0,100,100,100,100,80,80,80,80,60,60,60,60,40,40,40,40,0,1060,1060,1060,1060,_Chapt13,_Chapt13,Events13,0xe,0x0,0x0,0x0,0x0,0x0,0x0,0x0,0x0,0x0,0x0,0x1a,0x0,0xff,0xff,0x0,0x0,0x1,0x1,_Ch13Seize,_Seize,0x0,0,0x0,255,0,0x18,0x0,0x0
_Chapt14,0x81c3300,OBJCastle,PALYgstraCastle,TILCastle,Map14,ANICastle,0x0,MapChange14,0x0,0x0,0xe,0x0,13,28,0x0,0xc,0x480,S_LongRoad,S_LongRoad,S_LongRoad,S_SMTVBattle,S_FE5Battle,S_SMTVBattle,0xffff,0xffff,S_Trisection,0xffff,0xffff,50,5,5,5,5,6,6,6,6,7,7,7,7,8,8,8,8,0x0,100,100,100,100,80,80,80,80,60,60,60,60,40,40,40,40,0,1060,1060,1060,1060,_Chapt14,_Chapt14,Events14,0xf,0x0,0x0,0x0,0x0,0x0,0x0,0x0,0x0,0x0,0x0,0x1c,0x0,0xff,0xff,0x0,0x0,0x0,0x1,_Ch14Seize,_Seize,0x0,0,0x0,255,0,0x2a,0x0,0x0
_Chapt15,0x81c3304,OBJCastle,PALElbaCorCastle,TILCastle,Map15,ANICastle,0x0,MapChange15,0x0,0x0,0xf,0x0,13,6,0x0,0x10,0x580,S_Premonition,S_Premonition,S_Premonition,S_BattleA1,S_TheDevoted,S_BattleA1,0xffff,0xffff,S_Jaws,0xffff,0xffff,50,5,5,5,5,6,6,6,6,7,7,7,7,8,8,8,8,0x0,100,100,100,100,80,80,80,80,60,60,60,60,40,40,40,40,0,1060,1060,1060,1060,_Chapt15,_Chapt15,Events15,0x10,0x0,0x0,0x0,0x0,0x0,0x0,0x0,0x0,0x0,0x0,0x1e,0x0,0xff,0xff,0x0,0x0,0x0,0x1,_Ch15Defend,_Defend,0x2,14,Brandl,255,0,0x30,0x0,0x0
_Chapt16,0x81c3308,OBJCastle,PALElbaCorCastle,TILCastle,Map16,ANICastle,0x0,MapChange16,0x0,0x0,0x10,0x0,1,0,0x5,0x10,0x580,S_BlackTar,S_BlackTar,S_BlackTar,S_BattleA1,S_TheDevoted,S_BattleA1,0xffff,0xffff,S_Jaws,0xffff,0xffff,50,5,5,5,5,6,6,6,6,7,7,7,7,8,8,8,8,0x0,100,100,100,100,80,80,80,80,60,60,60,60,40,40,40,40,0,1060,1060,1060,1060,_Chapt16,_Chapt16,Events16,0x11,0x0,0x0,0x0,0x0,0x0,0x0,0x0,0x0,0x0,0x0,0x20,0x0,0xff,0xff,0x0,0x0,0x0,0x1,_Ch16Objective,_Rout,0x2,15,0x0,255,0,0xc,0x0,0x0
_Chapt17,0x81c330c,OBJField,PALLowlandsField,TILField,Map17,ANIField,0x0,MapChange17,0x0,0x0,0x11,0x0,1,0,0x1,0x1,0x590,S_DraculaCastle,S_DraculaCastle,S_DraculaCastle,S_BattleA1,S_TheDevoted,S_BattleA1,0xffff,0xffff,S_UrbanArea,0xffff,0xffff,50,5,5,5,5,6,6,6,6,7,7,7,7,8,8,8,8,0x0,100,100,100,100,80,80,80,80,60,60,60,60,40,40,40,40,0,1060,1060,1060,1060,_Chapt17,_Chapt17,Events17,0x12,0x0,0x0,0x0,0x0,0x0,0x0,0x0,0x0,0x0,0x0,0x22,0x0,0xff,0xff,0x0,0x0,0x1,0x1,_Ch17Objective,_Multiboss,0x3,0,0x0,255,0,0x18,0x0,0x0
_Chapt18,0x81c3310,OBJField,PALDarkField,TILField,Map18,ANIField,0x0,MapChange18,0x7,0x0,0x12,0x0,1,27,0x1,0x1,0x690,S_SearchingTheEnemy,S_SearchingTheEnemy,S_SearchingTheEnemy,S_BattleA1,S_TheDevoted,S_BattleA1,0xffff,0xffff,S_UrbanArea,0xffff,0xffff,50,5,5,5,5,6,6,6,6,7,7,7,7,8,8,8,8,0x0,100,100,100,100,80,80,80,80,60,60,60,60,40,40,40,40,0,1060,1060,1060,1060,_Chapt18,_Chapt18,Events18,0x13,0x0,0x0,0x0,0x0,0x0,0x0,0x0,0x0,0x0,0x0,0x24,0x0,0xff,0xff,0x0,0x0,0x0,0x1,_Ch18Objective,_LightTorches,0x0,0,0x0,255,0,0x32,0x0,0x0
_Chapt19,0x81c3314,OBJCastle,PALGreatRiverCastle,TILGreatRiver,Map19,ANICastle,0x0,MapChange19,0x0,0x0,0x13,0x0,17,11,0x0,0xb,0x690,S_BlackTar,S_BlackTar,S_BlackTar,S_BattleA1,S_TheDevoted,S_BattleA1,0xffff,0xffff,S_Jaws,0xffff,0xffff,50,5,5,5,5,6,6,6,6,7,7,7,7,8,8,8,8,0x0,100,100,100,100,80,80,80,80,60,60,60,60,40,40,40,40,0,1060,1060,1060,1060,_Chapt19,_Chapt19,Events19,0x14,0x0,0x0,0x0,0x0,0x0,0x0,0x0,0x0,0x0,0x0,0x26,0x0,0xff,0xff,0x0,0x0,0x1,0x1,_Ch19Seize,_Seize,0x0,0,0x0,255,0,0xb,0x0,0x0
_Chapt20,0x81c3318,OBJRuins,PALRuins,TILRuins,Map20,0x0,0x0,MapChange20,0x0,0x0,0x14,0x0,12,12,0x7,0xd,0x6a0,S_ForestInterlude,S_ForestInterlude,S_ForestInterlude,S_ForestInterlude,S_ForestInterlude,S_ForestInterlude,0xffff,0xffff,S_Jaws,0xffff,0xffff,50,5,5,5,5,6,6,6,6,7,7,7,7,8,8,8,8,0x0,100,100,100,100,80,80,80,80,60,60,60,60,40,40,40,40,0,1060,1060,1060,1060,_Chapt20,_Chapt20,Events20,0x15,0x0,0x0,0x0,0x0,0x0,0x0,0x0,0x0,0x0,0x0,0x28,0x0,0xff,0xff,0x0,0x0,0x0,0x1,_Ch20Objective,_Uncover,0x0,0,0x0,255,0,0x31,0x0,0x0
_Chapt21,0x81c331c,OBJStronghold,PALStronghold,TILStronghold,Map21,0x0,0x0,MapChange21,0x5,0x0,0x15,0x0,12,20,0x0,0xd,0x7a0,S_FearFactory,S_FearFactory,S_FearFactory,S_FearlessAdversary,S_LiveALive,S_FearlessAdversary,0xffff,0xffff,S_RefreshingToilets,0xffff,0xffff,50,5,5,5,5,6,6,6,6,7,7,7,7,8,8,8,8,0x0,100,100,100,100,80,80,80,80,60,60,60,60,40,40,40,40,0,1060,1060,1060,1060,_Chapt21,_Chapt21,Events21,0x16,0x0,0x0,0x0,0x0,0x0,0x0,0x0,0x0,0x0,0x0,0x2a,0x0,0xff,0xff,0x0,0x0,0x0,0x1,_Ch21Objective,_FreePrisoners,0x0,0,0x0,255,0,0x34,0x0,0x0
_Chapt22,0x81c3320,OBJField,PALDalstField,TILField,MapTest,ANIField,0x0,0x0,0x0,0x0,0x16,0x0,12,6,0x0,0xd,0x7a0,S_Liberation,S_Liberation,S_Liberation,S_FearlessAdversary,S_LiveALive,S_FearlessAdversary,0xffff,0xffff,S_RefreshingToilets,0xffff,0xffff,50,5,5,5,5,6,6,6,6,7,7,7,7,8,8,8,8,0x0,100,100,100,100,80,80,80,80,60,60,60,60,40,40,40,40,0,1060,1060,1060,1060,_Chapt22,_Chapt22,Events22,0x17,0x0,0x0,0x0,0x0,0x0,0x0,0x0,0x0,0x0,0x0,0x2c,0x0,0xff,0xff,0x0,0x0,0x1,0x1,_Ch8Rout,_Rout,0x1,0,0x0,255,0,0x34,0x0,0x0
_Chapt23,0x81c3328,OBJField,PALDalstField,TILField,MapTest,ANIField,0x0,0x0,0x0,0x0,0x17,0x0,19,10,0x4,0xa,0x8b0,S_Liberation,S_Liberation,S_Liberation,S_FearlessAdversary,S_LiveALive,S_FearlessAdversary,0xffff,0xffff,S_RefreshingToilets,0xffff,0xffff,50,5,5,5,5,6,6,6,6,7,7,7,7,8,8,8,8,0x0,100,100,100,100,80,80,80,80,60,60,60,60,40,40,40,40,0,1060,1060,1060,1060,_Chapt23,_Chapt23,Events23,0x18,0x0,0x0,0x0,0x0,0x0,0x0,0x0,0x0,0x0,0x0,0x2e,0x0,0xff,0xff,0x0,0x0,0x0,0x1,_Ch17Objective,_Multiboss,0x3,0,0x0,255,0,0x26,0x0,0x0
_Chapt24,0x81c332c,OBJField,PALDarkField,TILField,MapTest,ANIField,0x0,0x0,0x5,0x0,0x18,0x0,1,0,0x1,0x13,0x8b0,S_Ambience,S_Ambience,S_Ambience,S_Ambience,S_Ambience,S_Ambience,0xffff,0xffff,S_UrbanArea,0xffff,0xffff,50,5,5,5,5,6,6,6,6,7,7,7,7,8,8,8,8,0x0,100,100,100,100,80,80,80,80,60,60,60,60,40,40,40,40,0,1060,1060,1060,1060,_Chapt24,_Chapt24,Events24,0x19,0x0,0x0,0x0,0x0,0x0,0x0,0x0,0x0,0x0,0x0,0x30,0x0,0xff,0xff,0x0,0x0,0x0,0x1,_Ch24Escape,_Escape,0x2,17,0x0,255,0,0x7,0x0,0x0
_Chapt25,0x81c3330,OBJField,PALDalstField,TILField,MapTest,ANIField,0x0,0x0,0x0,0x0,0x19,0x0,8,21,0x0,0x7,0x9c0,S_Liberation,S_Liberation,S_Liberation,S_FearlessAdversary,S_LiveALive,S_FearlessAdversary,0xffff,0xffff,S_RefreshingToilets,0xffff,0xffff,50,5,5,5,5,6,6,6,6,7,7,7,7,8,8,8,8,0x0,100,100,100,100,80,80,80,80,60,60,60,60,40,40,40,40,0,1060,1060,1060,1060,_Chapt25,_Chapt25,Events25,0x1a,0x0,0x0,0x0,0x0,0x0,0x0,0x0,0x0,0x0,0x0,0x32,0x0,0xff,0xff,0x0,0x0,0x1,0x1,_Ch25Seize,_Seize,0x0,0,0x0,255,0,0x7,0x0,0x0
_Chapt26,0x81c3334,OBJField,PALDalstField,TILField,MapTest,ANIField,0x0,0x0,0x0,0x0,0x1a,0x0,15,14,0x4,0x0,0x9c0,S_LussariasDestiny,S_LussariasDestiny,S_LussariasDestiny,S_LussariasDestiny,S_LussariasDestiny,S_LussariasDestiny,0xffff,0xffff,S_ZanzaTheDivine,0xffff,0xffff,50,5,5,5,5,6,6,6,6,7,7,7,7,8,8,8,8,0x0,100,100,100,100,80,80,80,80,60,60,60,60,40,40,40,40,0,1060,1060,1060,1060,_Chapt26,_Chapt26,Events26,0x1b,0x0,0x0,0x0,0x0,0x0,0x0,0x0,0x0,0x0,0x0,0x34,0x0,0xff,0xff,0x0,0x0,0x0,0x1,_Ch26Survive,_Survive,0x2,16,0x0,255,0,0x18,0x0,0x0
_Chapt27,0x81c3338,OBJField,PALDalstField,TILField,MapTest,ANIField,0x0,0x0,0x0,0x0,0x1b,0x0,1,0,0x0,0xf,0xad0,S_BloodstainedLineage,S_BloodstainedLineage,S_BloodstainedLineage,S_BloodstainedLineage,S_BloodstainedLineage,S_BloodstainedLineage,0xffff,0xffff,S_ZanzaTheDivine,0xffff,0xffff,50,5,5,5,5,6,6,6,6,7,7,7,7,8,8,8,8,0x0,100,100,100,100,80,80,80,80,60,60,60,60,40,40,40,40,0,1060,1060,1060,1060,_Chapt27,_Chapt27,Events27,0x1c,0x0,0x0,0x0,0x0,0x0,0x0,0x0,0x0,0x0,0x0,0x36,0x0,0xff,0xff,0x0,0x0,0x1,0x1,_Ch25Seize,_Seize,0x0,0,0x0,255,0,0xc,0x0,0x0
_Chapt28,0x81c333c,OBJField,PALDalstField,TILField,MapTest,ANIField,0x0,0x0,0x0,0x0,0x1c,0x0,13,4,0x0,0x9,0xae0,S_RiversInTheDesert,S_RiversInTheDesert,S_RiversInTheDesert,S_RiversInTheDesert,S_RiversInTheDesert,S_RiversInTheDesert,0xffff,0xffff,S_ZanzaTheDivine,0xffff,0xffff,50,5,5,5,5,6,6,6,6,7,7,7,7,8,8,8,8,0x0,100,100,100,100,80,80,80,80,60,60,60,60,40,40,40,40,0,1060,1060,1060,1060,_Chapt28,_Chapt28,Events28,0x1d,0x0,0x0,0x0,0x0,0x0,0x0,0x0,0x0,0x0,0x0,0x38,0x0,0xff,0xff,0x0,0x0,0x0,0x1,_Ch28Objective,_Multiboss,0x2,13,0x0,255,0,0x30,0x0,0x0
_ChaptF,0x81c3340,OBJField,PALDalstField,TILField,MapTest,ANIField,0x0,0x0,0x0,0x0,0x1d,0x0,1,0,0x0,0x10,0xaf0,S_Uncontrollable,S_Uncontrollable,S_Uncontrollable,S_Uncontrollable,S_Uncontrollable,S_Uncontrollable,0xffff,0xffff,S_Uncontrollable,0xffff,0xffff,50,5,5,5,5,6,6,6,6,7,7,7,7,8,8,8,8,0x0,100,100,100,100,80,80,80,80,60,60,60,60,40,40,40,40,0,1060,1060,1060,1060,_ChaptF,_ChaptF,EventsFinal,0x1e,0x0,0x0,0x0,0x0,0x0,0x0,0x0,0x0,0x0,0x0,0x3a,0x0,0xff,0xff,0x0,0x0,0x0,0x1,_FinalGoal,_FinalObjective,0x3,0,0x0,255,0,0xc,0x0,0x0
_ChaptZ1,0x81c3344,OBJTown,PALHolanisTown,TILTown,MapZ1,ANITown,0x0,MapChangeZ1,0x0,0x0,0x1e,0x0,0,0,0x4,0x14,0x580,S_FootstepsOfFate,S_FootstepsOfFate,S_FootstepsOfFate,S_FE6Battle,S_CTBattle2,S_FE6Battle,0xffff,0xffff,0xb,0xffff,0xffff,50,5,5,5,5,6,6,6,6,7,7,7,7,8,8,8,8,0,100,100,100,100,80,80,80,80,60,60,60,60,40,40,40,40,0,1060,1060,1060,1060,_ChaptZ1,_ChaptZ1,EventsZ1,0x1f,0x0,0x0,0x0,0x0,0x0,0x0,0x0,0x0,0x0,0x0,0x3e,0x0,0xff,0xff,0x0,0x0,0x0,0x1,_Ch4Escape,_Escape,0x0,0,0x0,255,0,0x18,0x0,0x0
_ChaptZ2,0x81c3348,OBJFrontier,PALYgstraFrontier,TILFrontier,MapZ2,ANIFrontier,0x0,MapChangeZ2,0x0,0x0,0x1f,0x0,22,22,0x0,0x12,0x580,S_ForTheCommanders,S_ForTheCommanders,S_ForTheCommanders,S_FE6Battle,S_CTBattle2,S_FE6Battle,S_EverydayBrawls,S_EverydayBrawls,0xb,0xffff,0xffff,50,5,5,5,5,6,6,6,6,7,7,7,7,8,8,8,8,0,100,100,100,100,80,80,80,80,60,60,60,60,40,40,40,40,0,1060,1060,1060,1060,_ChaptZ2,_ChaptZ2,EventsZ2,0x20,0x0,0x0,0x0,0x0,0x0,0x0,0x0,0x0,0x0,0x0,0x40,0x0,0xff,0xff,0x0,0x0,0x0,0x1,_Z2Escape,_Escape,0x0,0,0x0,255,0,0x32,0x0,0x0
_ChaptZ3,0x81c334c,OBJField,PALElbaCorField,TILField,MapZ3,ANIField,0x0,MapChangeZ3,0x0,0x0,0x20,0x0,22,13,0x4,0x0,0x580,S_TearsOfResolution,S_TearsOfResolution,S_TearsOfResolution,S_FE6Battle,S_CTBattle2,S_FE6Battle,0xffff,0xffff,0xb,0xffff,0xffff,50,5,5,5,5,6,6,6,6,7,7,7,7,8,8,8,8,0,100,100,100,100,80,80,80,80,60,60,60,60,40,40,40,40,0,1060,1060,1060,1060,_ChaptZ3,_ChaptZ3,EventsZ3,0x21,0x0,0x0,0x0,0x0,0x0,0x0,0x0,0x0,0x0,0x0,0x42,0x0,0xff,0xff,0x0,0x0,0x0,0x1,_Z3Escape,_Escape,0x0,0,0x0,255,0,0xc,0x0,0x0
_ChaptV1,0x81c3350,OBJSwamp,PALMevionSwamp,TILSwamp,MapV1,ANIField,0x0,MapChangeV1,0x0,0x0,0x21,0x0,12,12,0x0,0xd,0x7a0,S_IntoTheMind,S_IntoTheMind,S_IntoTheMind,S_CrossCounter,S_Confidence,S_CrossCounter,0xffff,0xffff,S_KKCondor,0xffff,0xffff,50,5,5,5,5,6,6,6,6,7,7,7,7,8,8,8,8,0x1,100,100,100,100,80,80,80,80,60,60,60,60,40,40,40,40,0,1060,1060,1060,1060,_ChaptV1,_ChaptV1,EventsV1,0x22,0x0,0x0,0x0,0x0,0x0,0x0,0x0,0x0,0x0,0x0,0x52,0x0,0xff,0xff,0x0,0x0,0x1,0x1,_Ch8Rout,_Rout,0x1,0,0x0,255,0,0x31,0x0,0x0
_ChaptV2,0x81c3354,OBJField,PALDalstField,TILField,MapTest,ANIField,0x0,0x0,0x0,0x0,0x22,0x0,12,20,0x0,0xd,0x7a0,S_EverydayBrawls,S_EverydayBrawls,S_EverydayBrawls,S_CrossCounter,S_Confidence,S_CrossCounter,0xffff,0xffff,S_KKCondor,0xffff,0xffff,50,5,5,5,5,6,6,6,6,7,7,7,7,8,8,8,8,0x1,100,100,100,100,80,80,80,80,60,60,60,60,40,40,40,40,0,1060,1060,1060,1060,_ChaptV2,_ChaptV2,EventsV2,0x23,0x0,0x0,0x0,0x0,0x0,0x0,0x0,0x0,0x0,0x0,0x54,0x0,0xff,0xff,0x0,0x0,0x0,0x1,_V2BossKill,_BossKill,0x3,0,0x0,255,0,0x34,0x0,0x0
_ChaptV3,0x81c3358,OBJField,PALDalstField,TILField,MapTest,ANIField,0x0,0x0,0x5,0x0,0x23,0x0,22,13,0x0,0xd,0x7a0,S_BlackTar,S_BlackTar,S_BlackTar,S_CrossCounter,S_Confidence,S_CrossCounter,0xffff,0xffff,S_KKCondor,0xffff,0xffff,50,5,5,5,5,6,6,6,6,7,7,7,7,8,8,8,8,0x1,100,100,100,100,80,80,80,80,60,60,60,60,40,40,40,40,0,1060,1060,1060,1060,_ChaptV3,_ChaptV3,EventsV3,0x24,0x0,0x0,0x0,0x0,0x0,0x0,0x0,0x0,0x0,0x0,0x56,0x0,0xff,0xff,0x0,0x0,0x1,0x1,0x1b9,_Seize,0x0,0,0x0,255,0,0x34,0x0,0x0
_ChaptV4,0x81c3360,OBJField,PALDalstField,TILField,MapTest,ANIField,0x0,0x0,0x0,0x0,0x24,0x0,1,0,0x0,0xb,0x7a0,S_Delusional,S_Delusional,S_Delusional,S_CrossCounter,S_Confidence,S_CrossCounter,0xffff,0xffff,S_KKCondor,0xffff,0xffff,50,5,5,5,5,6,6,6,6,7,7,7,7,8,8,8,8,0x1,100,100,100,100,80,80,80,80,60,60,60,60,40,40,40,40,0,1060,1060,1060,1060,_ChaptV4,_ChaptV4,EventsV4,0x25,0x0,0x0,0x0,0x0,0x0,0x0,0x0,0x0,0x0,0x0,0x58,0x0,0xff,0xff,0x0,0x0,0x0,0x1,_V4Rout,_Rout,0x2,12,0x0,255,0,0x9,0x0,0x0
_ChaptV5,0x81c3364,OBJField,PALDalstField,TILField,MapTest,ANIField,0x0,0x0,0x0,0x0,0x25,0x0,1,0,0x4,0xb,0x7a0,S_RiversInTheDesert,S_RiversInTheDesert,S_RiversInTheDesert,S_RiversInTheDesert,S_RiversInTheDesert,S_RiversInTheDesert,S_TheWeightOfLife,S_TheWeightOfLife,S_FierceAsFire,0xffff,0xffff,50,5,5,5,5,6,6,6,6,7,7,7,7,8,8,8,8,0x1,100,100,100,100,80,80,80,80,60,60,60,60,40,40,40,40,0,1060,1060,1060,1060,_ChaptV5,_ChaptV5,EventsV5,0x26,0x0,0x0,0x0,0x0,0x0,0x0,0x0,0x0,0x0,0x0,0x5a,0x0,0xff,0xff,0x0,0x0,0x0,0x1,_V5Survive,_Survive,0x2,14,0x0,255,0,0x9,0x0,0x0
_Base5,0x81c3368,OBJCity,PALMevionCity,TILCity,MapI1,ANITown,0x0,MapChangeI1,0x0,0x0,0x26,0x0,12,12,0x0,0xb,0x0,S_SMT4Tokyo,S_SMT4Tokyo,S_SMT4Tokyo,S_SMTVBattle,S_FE5Battle,S_SMTVBattle,0xffff,0xffff,S_BabaIsYou,0xffff,0xffff,50,5,5,5,5,6,6,6,6,7,7,7,7,8,8,8,8,0x0,100,100,100,100,80,80,80,80,60,60,60,60,40,40,40,40,0,1060,1060,1060,1060,_Base5,_Base5,EventsI1,0x27,0x0,0x0,0x0,0x0,0x0,0x0,0x0,0x0,0x0,0x0,0xb,0x0,0xff,0xff,0x0,0x0,0x0,0x1,_Base,_Base,0x0,0,0x0,255,0,0x9,0x0,0x0
_Base8,0x81c336c,OBJTown,PALBoatyTown,TILTown,MapI2,ANITown,0x0,MapChangeI2,0x0,0x0,0x27,0x0,11,15,0x0,0xb,0x0,S_SMT4Tokyo,S_SMT4Tokyo,S_SMT4Tokyo,S_SMTVBattle,S_FE5Battle,S_SMTVBattle,0xffff,0xffff,S_BabaIsYou,0xffff,0xffff,50,5,5,5,5,6,6,6,6,7,7,7,7,8,8,8,8,0x0,100,100,100,100,80,80,80,80,60,60,60,60,40,40,40,40,0,1060,1060,1060,1060,_Base8,_Base8,EventsI2,0x28,0x0,0x0,0x0,0x0,0x0,0x0,0x0,0x0,0x0,0x0,0x11,0x0,0xff,0xff,0x0,0x0,0x0,0x1,_Base,_Base,0x0,0,0x0,255,0,0x9,0x0,0x0
_Base9,0x81c3370,OBJTown,PALBoatyTown,TILTown,MapI3,ANITown,0x0,MapChangeI3,0x0,0x0,0x28,0x0,10,13,0x0,0xb,0x0,S_Stickerbrush,S_Stickerbrush,S_Stickerbrush,S_SMTVBattle,S_FE5Battle,S_SMTVBattle,0xffff,0xffff,S_Stickerbrush,0xffff,0xffff,50,5,5,5,5,6,6,6,6,7,7,7,7,8,8,8,8,0x0,100,100,100,100,80,80,80,80,60,60,60,60,40,40,40,40,0,1060,1060,1060,1060,_Base9,_Base9,EventsI3,0x29,0x0,0x0,0x0,0x0,0x0,0x0,0x0,0x0,0x0,0x0,0x13,0x0,0xff,0xff,0x0,0x0,0x0,0x1,_Base2,_Base2,0x0,0,0x0,255,0,0x9,0x0,0x0
_Base12,0x81c3374,OBJDesert,PALDesert,TILDesert,MapI4,ANIField,0x0,MapChangeI4,0x0,0x0,0x29,0x0,6,1,0x0,0xb,0x0,S_Shinjuku,S_Shinjuku,S_Shinjuku,S_SMTVBattle,S_FE5Battle,S_SMTVBattle,0xffff,0xffff,S_SkyBattle,0xffff,0xffff,50,5,5,5,5,6,6,6,6,7,7,7,7,8,8,8,8,0x0,100,100,100,100,80,80,80,80,60,60,60,60,40,40,40,40,0,1060,1060,1060,1060,_Base12,_Base12,EventsI4,0x2a,0x0,0x0,0x0,0x0,0x0,0x0,0x0,0x0,0x0,0x0,0x19,0x0,0xff,0xff,0x0,0x0,0x0,0x1,_Base,_Base,0x0,0,0x0,255,0,0x9,0x0,0x0
_BaseZ3,0x81c3378,OBJCity,PALElbaCorCity,TILCity,MapI5,ANITown,0x0,MapChangeI5,0x0,0x0,0x2a,0x0,1,0,0x0,0xb,0x0,S_Shinjuku,S_Shinjuku,S_Shinjuku,S_FE6Battle,S_CTBattle2,S_FE6Battle,0xffff,0xffff,S_SkyBattle,0xffff,0xffff,50,5,5,5,5,6,6,6,6,7,7,7,7,8,8,8,8,0x0,100,100,100,100,80,80,80,80,60,60,60,60,40,40,40,40,0,1060,1060,1060,1060,_BaseZ3,_BaseZ3,EventsI5,0x2b,0x0,0x0,0x0,0x0,0x0,0x0,0x0,0x0,0x0,0x0,0x43,0x0,0xff,0xff,0x0,0x0,0x0,0x1,_Base,_Base,0x0,0,0x0,255,0,0x9,0x0,0x0
_Base18,0x81c337c,OBJField,PALDarkField,TILField,MapI6,ANIField,0x0,MapChangeI6,0x0,0x0,0x2b,0x0,1,0,0x0,0xb,0x0,S_UenoUnderground,S_UenoUnderground,S_UenoUnderground,S_BattleA1,S_TheDevoted,S_BattleA1,S_BuddyHolly,S_BuddyHolly,S_UenoUnderground,0xffff,0xffff,50,5,5,5,5,6,6,6,6,7,7,7,7,8,8,8,8,0x0,100,100,100,100,80,80,80,80,60,60,60,60,40,40,40,40,0,1060,1060,1060,1060,_Base18,_Base18,EventsI6,0x2c,0x0,0x0,0x0,0x0,0x0,0x0,0x0,0x0,0x0,0x0,0x25,0x0,0xff,0xff,0x0,0x0,0x0,0x1,_Base2,_Base2,0x0,0,0x0,4,1,0x9,0x0,0x0
_BaseV2,0x81c3380,OBJField,PALDalstField,TILField,MapTest,ANIField,0x0,0x0,0x0,0x0,0x2c,0x0,1,0,0x0,0xb,0x0,S_Shinjuku,S_Shinjuku,S_Shinjuku,S_CrossCounter,S_Confidence,S_CrossCounter,0xffff,0xffff,S_KKCondor,0xffff,0xffff,50,0,0,0,0,0,0,0,0,0,0,0,0,0,0,0,0,0x1,0,0,0,0,0,0,0,0,0,0,0,0,0,0,0,0,0,0,0,0,0,_BaseV2,_BaseV2,EventsI7,0x0,0x0,0x0,0x0,0x0,0x0,0x0,0x0,0x0,0x0,0x0,0x55,0x0,0xff,0xff,0x0,0x0,0x0,0x1,_Base,_Base,0x0,0,0x0,255,0,0x0,0x0,0x0
_BaseV4,0x81c3380,OBJField,PALDarkField,TILField,MapI8,ANIField,0x0,MapChangeI8,0x0,0x0,0x2d,0x0,1,0,0x0,0xb,0x0,S_MachinaVillage,S_MachinaVillage,S_MachinaVillage,S_CrossCounter,S_Confidence,S_CrossCounter,0xffff,0xffff,S_MachinaVillage,0xffff,0xffff,50,0,0,0,0,0,0,0,0,0,0,0,0,0,0,0,0,0x1,0,0,0,0,0,0,0,0,0,0,0,0,0,0,0,0,0,0,0,0,0,_BaseV4,_BaseV4,EventsI8,0x0,0x0,0x0,0x0,0x0,0x0,0x0,0x0,0x0,0x0,0x0,0x59,0x0,0xff,0xff,0x0,0x0,0x0,0x1,_Base4,_Base4,0x0,0,0x0,255,0,0x0,0x0,0x0
_Base22,0x81c3384,OBJField,PALDalstField,TILField,MapTest,ANIField,0x0,0x0,0x0,0x0,0x2e,0x0,1,0,0x0,0xe,0x0,S_UenoUnderground,S_UenoUnderground,S_UenoUnderground,S_FearlessAdversary,S_LiveALive,S_FearlessAdversary,0xffff,0xffff,S_UenoUnderground,0xffff,0xffff,50,5,5,5,5,6,6,6,6,7,7,7,7,8,8,8,8,0x0,100,100,100,100,80,80,80,80,60,60,60,60,40,40,40,40,0,1060,1060,1060,1060,_Base22,_Base22,EventsI9,0x2d,0x0,0x0,0x0,0x0,0x0,0x0,0x0,0x0,0x0,0x0,0x2d,0x0,0xff,0xff,0x0,0x0,0x0,0x1,_Base3,_Base3,0x0,0,0x0,255,0,0x9,0x0,0x0
_Base25,0x81c3388,OBJField,PALDalstField,TILField,MapTest,ANIField,0x0,0x0,0x0,0x0,0x2f,0x0,1,0,0x0,0xe,0x0,S_OutOfKindness,S_OutOfKindness,S_OutOfKindness,S_FearlessAdversary,S_LiveALive,S_FearlessAdversary,0xffff,0xffff,S_GentleMadman,0xffff,0xffff,50,5,5,5,5,6,6,6,6,7,7,7,7,8,8,8,8,0x0,100,100,100,100,80,80,80,80,60,60,60,60,40,40,40,40,0,1060,1060,1060,1060,_Base25,_Base25,EventsI10,0x2e,0x0,0x0,0x0,0x0,0x0,0x0,0x0,0x0,0x0,0x0,0x33,0x0,0xff,0xff,0x0,0x0,0x0,0x1,_Base3,_Base3,0x0,0,0x0,255,0,0x9,0x0,0x0
Epilogue,0x81c338c,OBJField,PALDalstField,TILField,MapTest,ANIField,0x0,0x0,0x0,0x0,0x30,0x0,1,0,0x0,0xe,0x0,0x12,0x12,0x12,0x12,0x17,0xf,0xffff,0xffff,0xb,0xffff,0xffff,50,5,5,5,5,6,6,6,6,7,7,7,7,8,8,8,8,0x0,100,100,100,100,80,80,80,80,60,60,60,60,40,40,40,40,0,1060,1060,1060,1060,_Epilogue,_Epilogue,EventsEpilogue,0x2f,0x0,0x0,0x0,0x0,0x0,0x0,0x0,0x0,0x0,0x0,0x3c,0x0,0xff,0xff,0x0,0x0,0x1,0x1,0x0,0x0,0x0,0,0x0,255,0,0x9,0x0,0x0
Hub Map,0x81c3390,OBJField,PALDalstField,TILField,MapTest,ANIField,0x0,0x0,0x0,0x0,0x31,0x0,1,0,0x0,0xe,0x0,0x12,0x12,0x12,0x12,0x17,0xf,0xffff,0xffff,0xb,0xffff,0xffff,50,5,5,5,5,6,6,6,6,7,7,7,7,8,8,8,8,0,100,100,100,100,80,80,80,80,60,60,60,60,40,40,40,40,0,1060,1060,1060,1060,_HubMap,_HubMap,0x0,0x30,0x0,0x0,0x0,0x0,0x0,0x0,0x0,0x0,0x0,0x0,0x0,0x0,0xff,0xff,0x0,0x0,0x1,0x1,0x0,0x0,0x0,0,0x0,255,0,0x9,0x0,0x0
unused,0x81c3394,0x0,0x0,0x0,0x0,0x0,0x0,0x0,0x0,0x0,0x32,0x0,1,0,0x0,0xe,0x0,0x12,0x12,0x12,0x12,0x17,0xf,0xffff,0xffff,0xb,0xffff,0xffff,50,5,5,5,5,6,6,6,6,7,7,7,7,8,8,8,8,0,100,100,100,100,80,80,80,80,60,60,60,60,40,40,40,40,0,1060,1060,1060,1060,0x0,0x0,0x0,0x31,0x0,0x0,0x0,0x0,0x0,0x0,0x0,0x0,0x0,0x0,0x0,0x0,0xff,0xff,0x0,0x0,0x1,0x1,0x0,0x0,0x0,0,0x0,255,0,0x9,0x0,0x0
unused,0x81c3398,0x0,0x0,0x0,0x0,0x0,0x0,0x0,0x0,0x0,0x33,0x0,1,0,0x0,0xe,0x0,0x12,0x12,0x12,0x12,0x17,0xf,0xffff,0xffff,0xb,0xffff,0xffff,50,5,5,5,5,6,6,6,6,7,7,7,7,8,8,8,8,0,100,100,100,100,80,80,80,80,60,60,60,60,40,40,40,40,0,1060,1060,1060,1060,0x0,0x0,0x0,0x32,0x0,0x0,0x0,0x0,0x0,0x0,0x0,0x0,0x0,0x0,0x0,0x0,0xff,0xff,0x0,0x0,0x1,0x1,0x0,0x0,0x0,0,0x0,255,0,0x9,0x0,0x0
unused,0x81c339c,0x0,0x0,0x0,0x0,0x0,0x0,0x0,0x0,0x0,0x34,0x0,1,0,0x0,0xe,0x0,0x12,0x12,0x12,0x12,0x17,0xf,0xffff,0xffff,0xb,0xffff,0xffff,50,5,5,5,5,6,6,6,6,7,7,7,7,8,8,8,8,0,100,100,100,100,80,80,80,80,60,60,60,60,40,40,40,40,0,1060,1060,1060,1060,0x0,0x0,0x0,0x33,0x0,0x0,0x0,0x0,0x0,0x0,0x0,0x0,0x0,0x0,0x0,0x0,0xff,0xff,0x0,0x0,0x1,0x1,0x0,0x0,0x0,0,0x0,255,0,0x9,0x0,0x0
unused,0x81c33a0,0x0,0x0,0x0,0x0,0x0,0x0,0x0,0x0,0x0,0x35,0x0,1,0,0x0,0xe,0x0,0x12,0x12,0x12,0x12,0x17,0xf,0xffff,0xffff,0xb,0xffff,0xffff,50,5,5,5,5,6,6,6,6,7,7,7,7,8,8,8,8,0,100,100,100,100,80,80,80,80,60,60,60,60,40,40,40,40,0,1060,1060,1060,1060,0x0,0x0,0x0,0x34,0x0,0x0,0x0,0x0,0x0,0x0,0x0,0x0,0x0,0x0,0x0,0x0,0xff,0xff,0x0,0x0,0x1,0x1,0x0,0x0,0x0,0,0x0,255,0,0x9,0x0,0x0
unused,0x81c33a4,0x0,0x0,0x0,0x0,0x0,0x0,0x0,0x0,0x0,0x36,0x0,1,0,0x0,0x2,0x0,0x12,0x12,0x12,0x12,0x17,0xf,0xffff,0xffff,0xb,0xffff,0xffff,50,5,5,5,5,6,6,6,6,7,7,7,7,8,8,8,8,0,100,100,100,100,80,80,80,80,60,60,60,60,40,40,40,40,0,1060,1060,1060,1060,0x0,0x0,0x0,0x35,0x0,0x0,0x0,0x0,0x0,0x0,0x0,0x0,0x0,0x0,0x0,0x0,0xff,0xff,0x0,0x0,0x1,0x1,0x0,0x0,0x0,0,0x0,255,0,0x9,0x0,0x0
unused,0x81c33a8,0x0,0x0,0x0,0x0,0x0,0x0,0x0,0x0,0x0,0x37,0x0,1,0,0x0,0xe,0x0,0x12,0x12,0x12,0x12,0x17,0xf,0xffff,0xffff,0xb,0xffff,0xffff,50,5,5,5,5,6,6,6,6,7,7,7,7,8,8,8,8,0,100,100,100,100,80,80,80,80,60,60,60,60,40,40,40,40,0,1060,1060,1060,1060,0x0,0x0,0x0,0x36,0x0,0x0,0x0,0x0,0x0,0x0,0x0,0x0,0x0,0x0,0x0,0x0,0xff,0xff,0x0,0x0,0x1,0x1,0x0,0x0,0x0,0,0x0,255,0,0x9,0x0,0x0
unused,0x81c33ac,0x0,0x0,0x0,0x0,0x0,0x0,0x0,0x0,0x0,0x38,0x0,1,0,0x0,0xe,0x0,0x9,0x9,0x9,0x9,0x13,0xf,0xffff,0xffff,0xb,0xffff,0xffff,50,5,5,5,5,6,6,6,6,7,7,7,7,8,8,8,8,0,100,100,100,100,80,80,80,80,60,60,60,60,40,40,40,40,0,1060,1060,1060,1060,0x0,0x0,0x0,0x37,0x0,0x0,0x0,0x0,0x0,0x0,0x0,0x0,0x0,0x0,0x0,0x0,0xff,0xff,0x0,0x0,0x0,0x1,0x0,0x0,0x0,0,0x0,255,0,0x9,0x0,0x0
unused,0x81c33b0,0x0,0x0,0x0,0x0,0x0,0x0,0x0,0x0,0x0,0x39,0x0,1,0,0x0,0x0,0x0,0xd,0xd,0xd,0xd,0x15,0xf,0xffff,0xffff,0xb,0xffff,0xffff,50,5,5,5,5,6,6,6,6,7,7,7,7,8,8,8,8,0,100,100,100,100,80,80,80,80,60,60,60,60,40,40,40,40,0,1060,1060,1060,1060,0x0,0x0,0x0,0x38,0x0,0x0,0x0,0x0,0x0,0x0,0x0,0x0,0x0,0x0,0x0,0x0,0xff,0xff,0x0,0x0,0x1,0x0,0x0,0x0,0x0,0,0x0,255,0,0x1d,0x0,0x0
unused,0x81c3380,0x0,0x0,0x0,0x0,0x0,0x0,0x0,0x0,0x0,0x0,0x0,1,0,0x0,0x0,0x0,0xffff,0xffff,0xffff,0xffff,0xffff,0xffff,0xffff,0xffff,0xffff,0xffff,0xffff,50,0,0,0,0,0,0,0,0,0,0,0,0,0,0,0,0,0,0,0,0,0,0,0,0,0,0,0,0,0,0,0,0,0,0,0,0,0,0,0x0,0x0,0x0,0x0,0x0,0x0,0x0,0x0,0x0,0x0,0x0,0x0,0x0,0x0,0x0,0x0,0xff,0xff,0x0,0x0,0x0,0x0,0x0,0x0,0x0,0,0x0,255,0,0x0,0x0,0x0
unused,0x81c33b4,0x0,0x0,0x0,0x0,0x0,0x0,0x0,0x0,0x0,0x0,0x0,1,0,0x0,0x4,0x0,0x9,0x9,0x9,0x9,0x13,0xf,0xffff,0xffff,0xb,0xffff,0xffff,50,5,5,5,5,6,6,6,6,7,7,7,7,8,8,8,8,0,100,100,100,100,80,80,80,80,60,60,60,60,40,40,40,40,0,1060,1060,1060,1060,0x0,0x0,0x0,0x0,0x0,0x0,0x0,0x0,0x0,0x0,0x0,0x0,0x0,0x0,0x0,0x0,0xff,0xff,0x0,0x0,0x0,0x0,0x0,0x0,0x0,0,0x0,255,0,0x9,0x0,0x0
unused,0x81c33b8,0x0,0x0,0x0,0x0,0x0,0x0,0x0,0x0,0x0,0x0,0x0,1,0,0x0,0x4,0x0,0x9,0x9,0x9,0x9,0x13,0xf,0xffff,0xffff,0xb,0xffff,0xffff,50,5,5,5,5,6,6,6,6,7,7,7,7,8,8,8,8,0,100,100,100,100,80,80,80,80,60,60,60,60,40,40,40,40,0,1060,1060,1060,1060,0x0,0x0,0x0,0x0,0x0,0x0,0x0,0x0,0x0,0x0,0x0,0x0,0x0,0x0,0x0,0x0,0xff,0xff,0x0,0x0,0x0,0x0,0x0,0x0,0x0,0,0x0,255,0,0x9,0x0,0x0
unused,0x81c33bc,0x0,0x0,0x0,0x0,0x0,0x0,0x0,0x3,0x0,0x3d,0x0,1,0,0x0,0xa,0x0,0x11,0x11,0x11,0x11,0x18,0xf,0xffff,0xffff,0xb,0xffff,0xffff,50,5,5,5,5,6,6,6,6,7,7,7,7,8,8,8,8,0,100,100,100,100,80,80,80,80,60,60,60,60,40,40,40,40,0,1060,1060,1060,1060,0x0,0x0,0x0,0x39,0x0,0x0,0x0,0x0,0x0,0x0,0x0,0x0,0x0,0x0,0x0,0x0,0xff,0xff,0x0,0x0,0x1,0x0,0x0,0x0,0x0,0,0x0,255,0,0x1a,0x0,0x0
unused,0x81c33c4,0x0,0x0,0x0,0x0,0x0,0x0,0x0,0x3,0x0,0x3e,0x0,1,0,0x0,0x8,0x0,0x11,0x11,0x11,0x11,0x18,0xf,0xffff,0xffff,0xb,0xffff,0xffff,50,5,5,5,5,6,6,6,6,7,7,7,7,8,8,8,8,0,100,100,100,100,80,80,80,80,60,60,60,60,40,40,40,40,0,1060,1060,1060,1060,0x0,0x0,0x0,0x3a,0x0,0x0,0x0,0x0,0x0,0x0,0x0,0x0,0x0,0x0,0x0,0x0,0xff,0xff,0x0,0x0,0x1,0x1,0x0,0x0,0x0,0,0x0,255,0,0x8,0x0,0x0
unused,0x81c3380,0x0,0x0,0x0,0x0,0x0,0x0,0x0,0x0,0x0,0x0,0x0,1,0,0x0,0x0,0x0,0xffff,0xffff,0xffff,0xffff,0xffff,0xffff,0xffff,0xffff,0xffff,0xffff,0xffff,50,0,0,0,0,0,0,0,0,0,0,0,0,0,0,0,0,0,0,0,0,0,0,0,0,0,0,0,0,0,0,0,0,0,0,0,0,0,0,0x0,0x0,0x0,0x0,0x0,0x0,0x0,0x0,0x0,0x0,0x0,0x0,0x0,0x0,0x0,0x0,0xff,0xff,0x0,0x0,0x0,0x0,0x0,0x0,0x0,0,0x0,255,0,0x0,0x0,0x0
14 Ending Scene,0x81c3380,OBJCastle,PALYgstraCastle,TILCastle,Map14Ending,ANICastle,0x0,0x0,0x0,0x0,0x0,0x0,1,0,0x0,0x0,0x0,0xffff,0xffff,0xffff,0xffff,0xffff,0xffff,0xffff,0xffff,0xffff,0xffff,0xffff,50,0,0,0,0,0,0,0,0,0,0,0,0,0,0,0,0,0,0,0,0,0,0,0,0,0,0,0,0,0,0,0,0,0,0,0,0,0,0,_Chapt14,_Chapt14,BlankEvents,0x0,0x0,0x0,0x0,0x0,0x0,0x0,0x0,0x0,0x0,0x0,0x0,0x0,0xff,0xff,0x0,0x0,0x0,0x0,0x0,0x0,0x0,0,0x0,255,0,0x0,0x0,0x0
unused,0x81c3380,0x0,0x0,0x0,0x0,0x0,0x0,0x0,0x0,0x0,0x0,0x0,1,0,0x0,0x0,0x0,0xffff,0xffff,0xffff,0xffff,0xffff,0xffff,0xffff,0xffff,0xffff,0xffff,0xffff,50,0,0,0,0,0,0,0,0,0,0,0,0,0,0,0,0,0,0,0,0,0,0,0,0,0,0,0,0,0,0,0,0,0,0,0,0,0,0,0x0,0x0,0x0,0x0,0x0,0x0,0x0,0x0,0x0,0x0,0x0,0x0,0x0,0x0,0x0,0x0,0xff,0xff,0x0,0x0,0x0,0x0,0x0,0x0,0x0,0,0x0,255,0,0x0,0x0,0x0
unused,0x81c3380,0x0,0x0,0x0,0x0,0x0,0x0,0x0,0x0,0x0,0x0,0x0,1,0,0x0,0x0,0x0,0xffff,0xffff,0xffff,0xffff,0xffff,0xffff,0xffff,0xffff,0xffff,0xffff,0xffff,50,0,0,0,0,0,0,0,0,0,0,0,0,0,0,0,0,0,0,0,0,0,0,0,0,0,0,0,0,0,0,0,0,0,0,0,0,0,0,0x0,0x0,0x0,0x0,0x0,0x0,0x0,0x0,0x0,0x0,0x0,0x0,0x0,0x0,0x0,0x0,0xff,0xff,0x0,0x0,0x0,0x0,0x0,0x0,0x0,0,0x0,255,0,0x0,0x0,0x0
unused,0x81c3380,0x0,0x0,0x0,0x0,0x0,0x0,0x0,0x0,0x0,0x0,0x0,1,0,0x0,0x0,0x0,0xffff,0xffff,0xffff,0xffff,0xffff,0xffff,0xffff,0xffff,0xffff,0xffff,0xffff,50,0,0,0,0,0,0,0,0,0,0,0,0,0,0,0,0,0,0,0,0,0,0,0,0,0,0,0,0,0,0,0,0,0,0,0,0,0,0,0x0,0x0,0x0,0x0,0x0,0x0,0x0,0x0,0x0,0x0,0x0,0x0,0x0,0x0,0x0,0x0,0xff,0xff,0x0,0x0,0x0,0x0,0x0,0x0,0x0,0,0x0,255,0,0x0,0x0,0x0
unused,0x81c3380,0x0,0x0,0x0,0x0,0x0,0x0,0x0,0x0,0x0,0x0,0x0,1,0,0x0,0x0,0x0,0xffff,0xffff,0xffff,0xffff,0xffff,0xffff,0xffff,0xffff,0xffff,0xffff,0xffff,50,0,0,0,0,0,0,0,0,0,0,0,0,0,0,0,0,0,0,0,0,0,0,0,0,0,0,0,0,0,0,0,0,0,0,0,0,0,0,0x0,0x0,0x0,0x0,0x0,0x0,0x0,0x0,0x0,0x0,0x0,0x0,0x0,0x0,0x0,0x0,0xff,0xff,0x0,0x0,0x0,0x0,0x0,0x0,0x0,0,0x0,255,0,0x0,0x0,0x0
unused,0x81c3380,0x0,0x0,0x0,0x0,0x0,0x0,0x0,0x0,0x0,0x0,0x0,1,0,0x0,0x0,0x0,0xffff,0xffff,0xffff,0xffff,0xffff,0xffff,0xffff,0xffff,0xffff,0xffff,0xffff,50,0,0,0,0,0,0,0,0,0,0,0,0,0,0,0,0,0,0,0,0,0,0,0,0,0,0,0,0,0,0,0,0,0,0,0,0,0,0,0x0,0x0,0x0,0x0,0x0,0x0,0x0,0x0,0x0,0x0,0x0,0x0,0x0,0x0,0x0,0x0,0xff,0xff,0x0,0x0,0x0,0x0,0x0,0x0,0x0,0,0x0,255,0,0x0,0x0,0x0
unused,0x81c3380,0x0,0x0,0x0,0x0,0x0,0x0,0x0,0x0,0x0,0x0,0x0,1,0,0x0,0x0,0x0,0xffff,0xffff,0xffff,0xffff,0xffff,0xffff,0xffff,0xffff,0xffff,0xffff,0xffff,50,0,0,0,0,0,0,0,0,0,0,0,0,0,0,0,0,0,0,0,0,0,0,0,0,0,0,0,0,0,0,0,0,0,0,0,0,0,0,0x0,0x0,0x0,0x0,0x0,0x0,0x0,0x0,0x0,0x0,0x0,0x0,0x0,0x0,0x0,0x0,0xff,0xff,0x0,0x0,0x0,0x0,0x0,0x0,0x0,0,0x0,255,0,0x0,0x0,0x0
unused,0x81c3380,0x0,0x0,0x0,0x0,0x0,0x0,0x0,0x0,0x0,0x0,0x0,1,0,0x0,0x0,0x0,0xffff,0xffff,0xffff,0xffff,0xffff,0xffff,0xffff,0xffff,0xffff,0xffff,0xffff,50,0,0,0,0,0,0,0,0,0,0,0,0,0,0,0,0,0,0,0,0,0,0,0,0,0,0,0,0,0,0,0,0,0,0,0,0,0,0,0x0,0x0,0x0,0x0,0x0,0x0,0x0,0x0,0x0,0x0,0x0,0x0,0x0,0x0,0x0,0x0,0xff,0xff,0x0,0x0,0x0,0x0,0x0,0x0,0x0,0,0x0,255,0,0x0,0x0,0x0
unused,0x81c3380,0x0,0x0,0x0,0x0,0x0,0x0,0x0,0x0,0x0,0x0,0x0,1,0,0x0,0x0,0x0,0xffff,0xffff,0xffff,0xffff,0xffff,0xffff,0xffff,0xffff,0xffff,0xffff,0xffff,50,0,0,0,0,0,0,0,0,0,0,0,0,0,0,0,0,0,0,0,0,0,0,0,0,0,0,0,0,0,0,0,0,0,0,0,0,0,0,0x0,0x0,0x0,0x0,0x0,0x0,0x0,0x0,0x0,0x0,0x0,0x0,0x0,0x0,0x0,0x0,0xff,0xff,0x0,0x0,0x0,0x0,0x0,0x0,0x0,0,0x0,255,0,0x0,0x0,0x0
unused,0x81c3380,0x0,0x0,0x0,0x0,0x0,0x0,0x0,0x0,0x0,0x0,0x0,1,0,0x0,0x0,0x0,0xffff,0xffff,0xffff,0xffff,0xffff,0xffff,0xffff,0xffff,0xffff,0xffff,0xffff,50,0,0,0,0,0,0,0,0,0,0,0,0,0,0,0,0,0,0,0,0,0,0,0,0,0,0,0,0,0,0,0,0,0,0,0,0,0,0,0x0,0x0,0x0,0x0,0x0,0x0,0x0,0x0,0x0,0x0,0x0,0x0,0x0,0x0,0x0,0x0,0xff,0xff,0x0,0x0,0x0,0x0,0x0,0x0,0x0,0,0x0,255,0,0x0,0x0,0x0
unused,0x81c3380,0x0,0x0,0x0,0x0,0x0,0x0,0x0,0x0,0x0,0x0,0x0,1,0,0x0,0x0,0x0,0xffff,0xffff,0xffff,0xffff,0xffff,0xffff,0xffff,0xffff,0xffff,0xffff,0xffff,50,0,0,0,0,0,0,0,0,0,0,0,0,0,0,0,0,0,0,0,0,0,0,0,0,0,0,0,0,0,0,0,0,0,0,0,0,0,0,0x0,0x0,0x0,0x0,0x0,0x0,0x0,0x0,0x0,0x0,0x0,0x0,0x0,0x0,0x0,0x0,0xff,0xff,0x0,0x0,0x0,0x0,0x0,0x0,0x0,0,0x0,255,0,0x0,0x0,0x0
unused,0x81c3380,0x0,0x0,0x0,0x0,0x0,0x0,0x0,0x0,0x0,0x0,0x0,1,0,0x0,0x0,0x0,0xffff,0xffff,0xffff,0xffff,0xffff,0xffff,0xffff,0xffff,0xffff,0xffff,0xffff,50,0,0,0,0,0,0,0,0,0,0,0,0,0,0,0,0,0,0,0,0,0,0,0,0,0,0,0,0,0,0,0,0,0,0,0,0,0,0,0x0,0x0,0x0,0x0,0x0,0x0,0x0,0x0,0x0,0x0,0x0,0x0,0x0,0x0,0x0,0x0,0xff,0xff,0x0,0x0,0x0,0x0,0x0,0x0,0x0,0,0x0,255,0,0x0,0x0,0x0
unused,0x81c3380,0x0,0x0,0x0,0x0,0x0,0x0,0x0,0x0,0x0,0x0,0x0,1,0,0x0,0x0,0x0,0xffff,0xffff,0xffff,0xffff,0xffff,0xffff,0xffff,0xffff,0xffff,0xffff,0xffff,50,0,0,0,0,0,0,0,0,0,0,0,0,0,0,0,0,0,0,0,0,0,0,0,0,0,0,0,0,0,0,0,0,0,0,0,0,0,0,0x0,0x0,0x0,0x0,0x0,0x0,0x0,0x0,0x0,0x0,0x0,0x0,0x0,0x0,0x0,0x0,0xff,0xff,0x0,0x0,0x0,0x0,0x0,0x0,0x0,0,0x0,255,0,0x0,0x0,0x0
unused,0x81c3380,0x0,0x0,0x0,0x0,0x0,0x0,0x0,0x0,0x0,0x0,0x0,1,0,0x0,0x0,0x0,0xffff,0xffff,0xffff,0xffff,0xffff,0xffff,0xffff,0xffff,0xffff,0xffff,0xffff,50,0,0,0,0,0,0,0,0,0,0,0,0,0,0,0,0,0,0,0,0,0,0,0,0,0,0,0,0,0,0,0,0,0,0,0,0,0,0,0x0,0x0,0x0,0x0,0x0,0x0,0x0,0x0,0x0,0x0,0x0,0x0,0x0,0x0,0x0,0x0,0xff,0xff,0x0,0x0,0x0,0x0,0x0,0x0,0x0,0,0x0,255,0,0x0,0x0,0x0
unused,0x81c3380,0x0,0x0,0x0,0x0,0x0,0x0,0x0,0x0,0x0,0x0,0x0,1,0,0x0,0x0,0x0,0xffff,0xffff,0xffff,0xffff,0xffff,0xffff,0xffff,0xffff,0xffff,0xffff,0xffff,50,0,0,0,0,0,0,0,0,0,0,0,0,0,0,0,0,0,0,0,0,0,0,0,0,0,0,0,0,0,0,0,0,0,0,0,0,0,0,0x0,0x0,0x0,0x0,0x0,0x0,0x0,0x0,0x0,0x0,0x0,0x0,0x0,0x0,0x0,0x0,0xff,0xff,0x0,0x0,0x0,0x0,0x0,0x0,0x0,0,0x0,255,0,0x0,0x0,0x0
