0x803d64,Name,Description,ID,Support Class,Portrait,Map Portrait,Affinity,Unit Sort Order,Lv,HP,Atk,Skl,Spd,Def,Res,Luck,Con,Sword,Lance,Axe,Bow,Staff,Anima,Light,Dark,HP Growth,Atk Growth,Skl Growth,Spd Growth,Def Growth,Res Growth,Luck Growth,N/A,N/A,N/A,N/A,N/A,CharClassAbility,Support Data Ptr,N/A (Conversation Group),N/A,N/A,N/A,,
0x01 Blair,Name_Blair,Desc_Blair,0x1,BlairLord,0x2,0x0,FillerAffin,0x1,1,4,0,3,2,3,4,5,0,NoRank,NoRank,NoRank,NoRank,NoRank,DRank,NoRank,NoRank,65,25,65,50,15,60,80,0x0,0x0,0x0,0x0,0x0,IsFemale|IsLord,0x0,0x7,0x0,0x0,0x0,,
0x02 Arin,Name_Arin,Desc_Arin,0x2,Trickster,0x4,0x0,FillerAffin,0x3,3,10,4,7,7,4,5,12,0,CRank,NoRank,NoRank,NoRank,DRank,NoRank,NoRank,NoRank,75,25,90,65,20,45,60,0x0,0x0,0x0,0x0,0x0,IsFemale,0x0,0x3,0x0,0x0,0x0,,
0x03 Kenneth,Name_Kenneth,Desc_Kenneth,0x3,DarkM,0x7,0x0,FillerAffin,0x7,2,4,0,3,2,1,3,3,1,NoRank,NoRank,NoRank,NoRank,NoRank,NoRank,NoRank,DRank,85,20,45,35,45,55,15,0x0,0x0,0x0,0x0,0x0,0x0,0x0,0x4,0x0,0x0,0x0,,
0x04 Natasia,Name_Natasia,Desc_Natasia,0x4,FighterF,0x9,0x0,FillerAffin,0x6,4,9,5,5,3,3,-1,4,0,NoRank,NoRank,DRank,NoRank,NoRank,NoRank,NoRank,NoRank,120,85,55,40,25,5,35,0x0,0x0,0x0,0x0,0x0,IsFemale,0x0,0x3,0x0,0x0,0x0,,
0x05 Stefan,Name_Stefan,Desc_Stefan,0x5,SwdCav,0x6,0x0,FillerAffin,0x8,3,6,2,-2,1,1,0,3,-1,DRank,NoRank,NoRank,NoRank,NoRank,NoRank,NoRank,NoRank,95,55,55,55,45,45,45,0x0,0x0,0x0,0x0,0x0,0x0,0x0,0x4,0x0,0x0,0x0,,
0x06 Desmond,Name_Desmond,Desc_Desmond,0x6,Dismount,0x8,0x0,FillerAffin,0x9,1,13,7,8,4,5,3,6,0,NoRank,BRank,CRank,NoRank,NoRank,NoRank,NoRank,NoRank,125,65,55,35,50,35,10,0x0,0x0,0x0,0x0,0x0,0x0,0x0,0xa,0x0,0x0,0x0,,
0x07 Sam,Name_Sam,Desc_Sam,0x7,ArcherF,0x5,0x0,FillerAffin,0xa,2,1,3,5,5,-1,5,11,0,NoRank,NoRank,NoRank,ERank,NoRank,NoRank,NoRank,NoRank,55,35,120,75,5,55,85,0x0,0x0,0x0,0x0,0x0,IsFemale,0x0,0x5,0x0,0x0,0x0,,
0x08 Josef,Name_Josef,Desc_Josef,0x8,LncArm,0xa,0x0,FillerAffin,0xb,7,15,7,12,0,5,0,2,1,NoRank,CRank,NoRank,NoRank,NoRank,NoRank,NoRank,NoRank,135,75,55,15,70,15,15,0x0,0x0,0x0,0x0,0x0,0x0,0x0,0x7,0x0,0x0,0x0,,
0x09 Peggy,Name_Peggy,Desc_Peggy,0x9,Cleric,0xc,0x0,FillerAffin,0xc,4,1,2,-3,2,0,0,7,0,NoRank,NoRank,NoRank,NoRank,DRank,NoRank,NoRank,NoRank,35,15,15,85,5,25,110,0x0,0x0,0x0,0x0,0x0,IsFemale,0x0,0x0,0x0,0x0,0x0,,
0x0A Butch,Name_Butch,Desc_Butch,0xa,Merc,0xe,0x0,FillerAffin,0xd,6,9,5,6,4,3,2,4,2,CRank,NoRank,NoRank,NoRank,NoRank,NoRank,NoRank,NoRank,110,70,65,45,25,15,30,0x0,0x0,0x0,0x0,0x0,0x0,0x0,0x1,0x0,0x0,0x0,,
0x0B Cassius,Name_Cassius,Desc_Cassius,0xb,AxeCav,0x3,0x0,FillerAffin,0x14,5,8,5,2,4,3,2,7,1,NoRank,NoRank,51,NoRank,NoRank,NoRank,NoRank,NoRank,95,65,30,50,55,15,40,0x0,0x0,0x0,0x0,0x0,0x0,0x0,0x0,0x0,0x0,0x0,,
0x0C Rachael,Name_Rachael,Desc_Rachael,0xc,LncPeg,0x10,0x0,FillerAffin,0xf,4,7,1,6,6,1,3,8,0,NoRank,CRank,NoRank,NoRank,NoRank,NoRank,NoRank,NoRank,55,35,65,90,20,35,20,0x0,0x0,0x0,0x0,0x0,IsFemale|TriangleAttack,0x0,0x7,0x0,0x0,0x0,,
0x0D Emile,Name_Emile,Desc_Emile,0xd,Sage,0x11,0x0,FillerAffin,0x10,2,8,2,8,2,1,9,11,-1,NoRank,NoRank,NoRank,NoRank,CRank,BRank,NoRank,NoRank,60,15,65,30,25,40,70,0x0,0x0,0x0,0x0,0x0,0x0,0x0,0xa,0x0,0x0,0x0,,
0x0E Jeff,Name_Jeff,Desc_Jeff,0xe,Thief,0x13,0x0,FillerAffin,0x1f,7,10,4,-3,5,5,0,6,2,51,NoRank,NoRank,NoRank,NoRank,NoRank,NoRank,NoRank,70,50,20,110,20,10,10,0x0,0x0,0x0,0x0,0x0,0x0,0x0,0x0,0x0,0x0,0x0,,
0x0F Apollo,Name_Apollo,Desc_Apollo,0xf,LightM,0x14,0x0,FillerAffin,0x1,10,11,0,8,8,4,8,9,0,NoRank,NoRank,NoRank,NoRank,NoRank,NoRank,CRank,NoRank,45,10,75,40,5,80,90,0x0,0x0,0x0,0x0,0x0,0x0,0x0,0x3,0x0,0x0,0x0,,
0x10 Bechamel,Name_Bechamel,Desc_Bechamel,0x10,Pirate,0x16,0x0,FillerAffin,0x5,9,10,9,0,4,0,0,7,1,NoRank,NoRank,CRank,NoRank,NoRank,NoRank,NoRank,NoRank,115,80,5,45,20,5,40,0x0,0x0,0x0,0x0,0x0,0x0,0x0,0x3,0x0,0x0,0x0,,
0x11 Sveltzalus,Name_Sveltzalus,Desc_Sveltzalus,0x11,Bigle,0x18,0x0,FillerAffin,0x4,8,10,2,5,4,7,4,21,0,NoRank,NoRank,NoRank,NoRank,NoRank,NoRank,NoRank,41,25,35,65,65,25,45,120,0x0,0x0,0x0,0x0,0x0,0x0,0x0,0x3,0x0,0x0,0x0,,
0x12 Hilbert,Name_Hilbert,Desc_Hilbert,0x12,Mage,0x19,0x0,FillerAffin,0x13,2,5,2,1,3,7,4,8,1,NoRank,NoRank,NoRank,NoRank,NoRank,11,NoRank,NoRank,85,25,15,75,75,50,60,0x0,0x0,0x0,0x0,0x0,0x0,0x0,0x7,0x0,0x0,0x0,,
0x13 Flynn,Name_Flynn,Desc_Flynn,0x13,Myrm,0x1a,0x0,FillerAffin,0xe,9,12,7,6,8,3,7,9,0,111,NoRank,NoRank,NoRank,NoRank,NoRank,NoRank,NoRank,65,50,80,80,15,65,10,0x0,0x0,0x0,0x0,0x0,0x0,0x0,0x0,0x0,0x0,0x0,,
0x14 Mikey,Name_Mikey,Desc_Mikey,0x14,Soldier,0x1b,0x0,FillerAffin,0x15,12,9,7,10,9,6,3,7,0,NoRank,91,NoRank,NoRank,NoRank,NoRank,NoRank,NoRank,125,65,55,55,55,45,5,0x0,0x0,0x0,0x0,0x0,0x0,0x0,0x4,0x0,0x0,0x0,,
0x15 Carbon,Name_Carbon,Desc_Carbon,0x15,BowCav,0x1c,0x0,FillerAffin,0x16,11,10,6,2,5,3,2,16,1,NoRank,NoRank,NoRank,81,NoRank,NoRank,NoRank,NoRank,80,40,30,60,35,40,90,0x0,0x0,0x0,0x0,0x0,0x0,0x0,0x7,0x0,0x0,0x0,,
0x16 Athena,Name_Athena,Desc_Athena,0x16,AxeWyv,0x1e,0x0,FillerAffin,0x17,14,17,9,13,8,8,-1,7,0,NoRank,NoRank,96,NoRank,NoRank,NoRank,NoRank,NoRank,90,65,65,25,45,5,25,0x0,0x0,0x0,0x0,0x0,IsFemale,0x0,0xc,0x0,0x0,0x0,,
0x17 Charley,Name_Charley,Desc_Charley,0x17,SniperF,0x20,0x0,FillerAffin,0x18,2,11,6,7,8,6,8,14,1,NoRank,NoRank,NoRank,ARank,NoRank,NoRank,NoRank,NoRank,30,25,150,55,60,65,30,0x0,0x0,0x0,0x0,0x0,IsFemale,0x0,0x6,0x0,0x0,0x0,,
0x18 Zeke,Name_Zeke,Desc_Zeke,0x18,ZekeLord,0x21,0x0,FillerAffin,0x19,7,8,5,8,5,2,1,9,0,NoRank,CRank,NoRank,51,NoRank,NoRank,NoRank,NoRank,85,55,65,65,35,30,70,0x0,0x0,0x0,0x0,0x0,0x0,0x0,0x5,0x0,0x0,0x0,,
0x19 Hyperius,Name_Hyperius,Desc_Hyperius,0x19,SwdGen,0x22,0x0,FillerAffin,0x1b,12,21,12,13,7,8,3,12,2,151,NoRank,91,101,NoRank,NoRank,NoRank,NoRank,140,100,100,20,100,20,60,0x0,0x0,0x0,0x0,0x0,0x0,0x0,0xb,0x0,0x0,0x0,,
0x1A Alexis,Name_Alexis,Desc_Alexis,0x1a,AxeArm,0x23,0x0,FillerAffin,0x1c,8,8,4,5,6,3,3,8,-3,NoRank,NoRank,41,NoRank,NoRank,NoRank,NoRank,NoRank,100,65,55,45,65,25,25,0x0,0x0,0x0,0x0,0x0,IsFemale,0x0,0x4,0x0,0x0,0x0,,
0x1B Leila,Name_Leila,Desc_Leila,0x1b,SwdPeg,0x4e,0x0,FillerAffin,0x0,13,9,9,4,9,8,6,1,1,CRank,NoRank,NoRank,NoRank,NoRank,NoRank,NoRank,NoRank,65,60,20,30,55,45,15,0x0,0x0,0x0,0x0,0x0,IsFemale|TriangleAttack,0x0,0x0,0x0,0x0,0x0,,
0x1C Damien,Name_Damien,Desc_Damien,0x1c,Archer,0x24,0x0,FillerAffin,0x1d,15,14,8,10,10,6,2,10,1,NoRank,NoRank,NoRank,91,NoRank,NoRank,NoRank,NoRank,105,70,70,55,20,35,55,0x0,0x0,0x0,0x0,0x0,0x0,0x0,0x0,0x0,0x0,0x0,,
0x1D Zacharias,Name_Zacharias,Desc_Zacharias,0x1d,Fighter,0x25,0x0,FillerAffin,0x1e,12,18,10,7,8,8,8,11,1,NoRank,NoRank,BRank,NoRank,NoRank,NoRank,NoRank,NoRank,135,80,50,45,50,15,25,0x0,0x0,0x0,0x0,0x0,0x0,0x0,0x4,0x0,0x0,0x0,,
0x1E Avan,Name_Avan,Desc_Avan,0x1e,TroubF,0x26,0x0,FillerAffin,0x22,11,6,7,7,6,6,9,6,0,NoRank,NoRank,NoRank,NoRank,CRank,NoRank,NoRank,NoRank,40,40,50,55,70,80,45,0x0,0x0,0x0,0x0,0x0,IsFemale,0x0,0xc,0x0,0x0,0x0,,
0x1F Toddsworth,Name_Toddsworth,Desc_Toddsworth,0x1f,Bard,0x29,0x0,FillerAffin,0x20,3,8,0,0,9,5,3,8,0,NoRank,NoRank,NoRank,NoRank,NoRank,NoRank,NoRank,NoRank,25,5,5,35,50,60,250,0x0,0x0,0x0,0x0,0x0,0x0,0x0,0x3,0x0,0x0,0x0,,
0x20 Artemis,Name_Artemis,Desc_Artemis,0x20,AxePalF,0x2a,0x0,FillerAffin,0x11,4,9,7,1,6,4,8,11,0,NoRank,NoRank,ARank,91,NoRank,NoRank,NoRank,NoRank,75,70,20,65,45,55,35,0x0,0x0,0x0,0x0,0x0,IsFemale,0x0,0x3,0x0,0x0,0x0,,
0x21 Hollandaise,Name_Hollandaise,Desc_Hollandaise,0x21,PirateF,0x2b,0x0,FillerAffin,0x23,18,14,8,2,8,2,1,12,1,NoRank,NoRank,BRank,NoRank,NoRank,NoRank,NoRank,NoRank,125,65,30,85,10,10,20,0x0,0x0,0x0,0x0,0x0,IsFemale|Steal|CanUseLockpick,0x0,0xa,0x0,0x0,0x0,,
0x22 Vladmir,Name_Vladmir,Desc_Vladmir,0x22,Bishop,0x2c,0x0,FillerAffin,0x12,15,12,9,18,8,3,15,18,2,NoRank,NoRank,NoRank,NoRank,211,NoRank,SRank,NoRank,55,35,45,20,25,50,65,0x0,0x0,0x0,0x0,0x0,0x0,0x0,0xa,0x0,0x0,0x0,,
0x23 Horatio,Name_Horatio,Desc_Horatio,0x23,Rune,0x46,0x0,FillerAffin,0x24,17,19,10,10,10,6,10,15,2,131,NoRank,NoRank,NoRank,NoRank,NoRank,NoRank,NoRank,75,30,110,70,30,65,90,0x0,0x0,0x0,0x0,0x0,0x0,0x0,0x0,0x0,0x0,0x0,,
0x24 Simone,Name_Simone,Desc_Simone,0x24,SorcF,0x45,0x0,FillerAffin,0x28,4,10,0,10,8,12,14,12,1,NoRank,NoRank,NoRank,NoRank,141,NoRank,NoRank,201,40,45,75,45,60,55,50,0x0,0x0,0x0,0x0,0x0,IsFemale,0x0,0x0,0x0,0x0,0x0,,
0x25 Ptolemy,Name_Ptolemy,Desc_Ptolemy,0x25,BowArm,0x4b,0x0,FillerAffin,0x27,14,11,8,14,11,3,9,16,0,NoRank,NoRank,NoRank,BRank,DRank,NoRank,NoRank,NoRank,75,40,100,70,30,50,170,0x0,0x0,0x0,0x0,0x0,0x0,0x0,0x0,0x0,0x0,0x0,,
0x26 Johan,Name_Johan,Desc_Johan,0x26,LncCav,0x3f,0x0,FillerAffin,0x26,8,10,7,7,7,7,7,7,0,NoRank,CRank,NoRank,NoRank,NoRank,NoRank,NoRank,NoRank,155,120,120,120,95,95,25,0x0,0x0,0x0,0x0,0x0,0x0,0x0,0x0,0x0,0x0,0x0,,
0x27 Peter,Name_Peter,Desc_Peter,0x27,WyvLord,0x44,0x0,FillerAffin,0x29,8,30,16,10,10,10,5,9,1,NoRank,161,201,NoRank,NoRank,NoRank,NoRank,NoRank,110,60,20,45,60,10,35,0x0,0x0,0x0,0x0,0x0,0x0,0x0,0x0,0x0,0x0,0x0,,
0x28 Sonia,Name_Sonia,Desc_Sonia,0x28,HalberdierF,0x48,0x0,FillerAffin,0x2b,13,20,15,20,16,10,10,24,3,NoRank,SRank,NoRank,NoRank,NoRank,NoRank,NoRank,NoRank,80,70,90,65,55,55,130,0x0,0x0,0x0,0x0,0x0,IsFemale|TriangleAttack2,0x0,0x0,0x0,0x0,0x0,,
0x29 Joan,Name_Joan,Desc_Joan,0x29,HeroF,0x43,0x0,FillerAffin,0x2a,11,29,13,11,13,12,5,17,1,161,NoRank,ARank,NoRank,NoRank,NoRank,NoRank,NoRank,95,85,60,55,35,35,70,0x0,0x0,0x0,0x0,0x0,IsFemale|TriangleAttack2,0x0,0x0,0x0,0x0,0x0,,
0x2A Tobias,Name_Tobias,Desc_Tobias,0x2a,Warrior,0x51,0x0,FillerAffin,0x2c,16,35,17,15,13,10,14,11,3,NoRank,NoRank,SRank,91,NoRank,NoRank,NoRank,NoRank,160,95,50,25,25,25,35,0x0,0x0,0x0,0x0,0x0,TriangleAttack2,0x0,0x0,0x0,0x0,0x0,,
0x2B Ian,Name_Ian,Desc_Ian,0x2b,CivilM,0x56,0x0,FillerAffin,0x2e,1,6,5,2,4,1,0,13,-3,ERank,NoRank,NoRank,NoRank,NoRank,NoRank,NoRank,NoRank,30,30,30,30,30,30,30,0x0,0x0,0x0,0x0,0x0,0x0,0x0,0x0,0x0,0x0,0x0,,
0x2C Olsen,Name_Olsen,Desc_Olsen,0x2c,AssassF,0x52,0x0,FillerAffin,0x2d,18,39,18,18,18,17,17,22,1,SRank,NoRank,NoRank,SRank,NoRank,NoRank,NoRank,NoRank,60,25,180,210,15,5,160,0x0,0x0,0x0,0x0,0x0,IsFemale,0x0,0x0,0x0,0x0,0x0,,
0x2D Elcorian,Name_Elcorian,Desc_Elcorian,0x2d,Valk,0xb,0x0,FillerAffin,0x0,16,36,18,18,15,16,11,14,3,241,NoRank,NoRank,NoRank,SRank,NoRank,NoRank,NoRank,75,60,80,60,130,45,5,0x0,0x0,0x0,0x0,0x0,0x0,0x0,0x0,0x0,0x0,0x0,,
0x2E Viridian,Name_Viridian,Desc_Viridian,0x2e,ViridianLord,0x12,0x0,FillerAffin,0x0,4,18,10,8,8,6,9,12,0,NoRank,NoRank,NoRank,ARank,101,NoRank,NoRank,NoRank,75,65,80,75,20,45,50,0x0,0x0,0x0,0x0,0x0,IsLord,0x0,0x0,0x0,0x0,0x0,,
0x2F Freddric,Name_Freddric,Desc_Freddric,0x2f,WyvLord,0x15,0x0,FillerAffin,0x0,5,23,10,13,13,9,3,16,0,NoRank,ARank,131,NoRank,NoRank,NoRank,NoRank,NoRank,105,70,40,35,45,15,45,0x0,0x0,0x0,0x0,0x0,0x0,0x0,0x0,0x0,0x0,0x0,,
0x30 Dean,Name_Dean,Desc_Dean,0x30,Fighter,0x17,0x0,FillerAffin,0x0,15,22,11,12,10,12,1,10,2,NoRank,NoRank,ARank,NoRank,NoRank,NoRank,NoRank,NoRank,130,80,110,45,30,30,35,0x0,0x0,0x0,0x0,0x0,0x0,0x0,0x0,0x0,0x0,0x0,,
0x31 Eliza,Name_Eliza,Desc_Eliza,0x31,Cleric,0x1d,0x0,FillerAffin,0x0,12,10,4,8,1,6,8,13,-1,NoRank,NoRank,NoRank,NoRank,151,NoRank,NoRank,NoRank,55,15,70,40,35,70,50,0x0,0x0,0x0,0x0,0x0,IsFemale,0x0,0x0,0x0,0x0,0x0,,
0x32 Chartreuse,Name_Chartreuse,Desc_Chartreuse,0x32,BardF,0x1f,0x0,FillerAffin,0x0,8,6,0,1,11,6,8,23,0,NoRank,NoRank,NoRank,NoRank,NoRank,NoRank,NoRank,NoRank,15,5,5,120,30,40,165,0x0,0x0,0x0,0x0,0x0,IsFemale,0x0,0x0,0x0,0x0,0x0,,
0x33 Rift,Name_Rift,Desc_Rift,0x33,SwMast,0x2d,0x0,FillerAffin,0x0,6,19,7,7,10,10,-4,1,1,191,NoRank,NoRank,NoRank,NoRank,NoRank,NoRank,NoRank,85,55,75,65,45,25,10,0x0,0x0,0x0,0x0,0x0,0x0,0x0,0x0,0x0,0x0,0x0,,
0x34 Estelle,Name_Estelle,Desc_Estelle,0x34,BowCavF,0x2e,0x0,FillerAffin,0x0,13,11,9,10,9,0,10,14,0,NoRank,NoRank,NoRank,101,NoRank,NoRank,NoRank,NoRank,65,45,85,70,25,80,65,0x0,0x0,0x0,0x0,0x0,IsFemale,0x0,0x0,0x0,0x0,0x0,,
0x35 Rose,Name_Rose,Desc_Rose,0x35,MageF,0xf,0x0,FillerAffin,0x0,9,3,1,12,7,-1,-2,0,-1,NoRank,NoRank,NoRank,NoRank,NoRank,111,NoRank,NoRank,35,5,105,145,5,5,5,0x0,0x0,0x0,0x0,0x0,IsFemale,0x0,0x0,0x0,0x0,0x0,,
0x36 Dirk,Name_Dirk,Desc_Dirk,0x36,Berserker,0x27,0x0,FillerAffin,0x0,7,31,12,7,8,8,18,12,1,NoRank,NoRank,171,NoRank,NoRank,NoRank,NoRank,NoRank,120,80,35,45,55,45,25,0x0,0x0,0x0,0x0,0x0,0x0,0x0,0x0,0x0,0x0,0x0,,
0x37 Callum,Name_Callum,Desc_Callum,0x37,SwdPal,0x28,0x0,FillerAffin,0x0,11,23,12,12,13,12,9,6,1,191,161,NoRank,NoRank,NoRank,NoRank,NoRank,NoRank,75,60,60,35,60,60,10,0x0,0x0,0x0,0x0,0x0,0x0,0x0,0x0,0x0,0x0,0x0,,
0x38 Manfred,Name_Manfred,Desc_Manfred,0x38,DarkM,0x50,0x0,FillerAffin,0x0,18,23,6,12,13,10,-3,9,2,NoRank,NoRank,NoRank,NoRank,NoRank,NoRank,NoRank,151,85,55,70,60,70,5,50,0x0,0x0,0x0,0x0,0x0,0x0,0x0,0x0,0x0,0x0,0x0,,
0x39 Wilhelm,Name_Wilhelm,Desc_Wilhelm,0x39,Soldier,0xd,0x0,FillerAffin,0x0,16,17,14,14,13,8,5,5,2,NoRank,ARank,NoRank,NoRank,NoRank,NoRank,NoRank,NoRank,140,90,45,65,45,35,30,0x0,0x0,0x0,0x0,0x0,0x0,0x0,0x0,0x0,0x0,0x0,,
0x3A Argent,Name_Argent,Desc_Argent,0x3a,BowGen,0x2f,0x0,FillerAffin,0x0,14,30,16,16,9,10,11,16,0,NoRank,191,201,211,NoRank,NoRank,NoRank,NoRank,45,55,65,75,85,95,40,0x0,0x0,0x0,0x0,0x0,IsFemale,0x0,0x0,0x0,0x0,0x0,,
0x3b Addington,Name_Addington,Desc_Addington,0x3b,Automaton,0xc8,0x0,FillerAffin,0x25,1,12,3,5,2,8,3,8,0,NoRank,NoRank,NoRank,NoRank,NoRank,NoRank,NoRank,NoRank,25,10,10,10,10,10,10,0x0,0x0,0x0,0x0,0x0,0x0,0x0,0x0,0x0,0x0,0x0,,
0x3C Tonnamin (hehe),Name_Tonnamin,Desc_Tonnamin,0x3c,AxeGen,0xfe,0x0,FillerAffin,0x0,7,35,16,14,10,5,2,10,1,CRank,BRank,ARank,NoRank,NoRank,NoRank,NoRank,NoRank,160,60,40,20,50,10,60,0x0,0x0,0x0,0x0,0x0,0x0,0x0,0x0,0x0,0x0,0x0,,
0x3D Jonas (secret funnyman),Name_Jonas,Desc_Jonas2,0x3d,WyvLord,0x3b,0x0,FillerAffin,0x0,18,47,21,20,19,21,17,23,2,NoRank,SRank,SRank,NoRank,NoRank,NoRank,NoRank,NoRank,135,85,85,65,55,55,75,0x0,0x0,0x0,0x0,0x0,0x0,0x0,0x0,0x0,0x0,0x0,,
0x3e Laronde (other secret),Name_Laronde,Desc_Laronde2,0x3e,Halberdier,0x4a,0x0,FillerAffin,0x0,6,27,15,18,14,11,12,19,1,NoRank,ARank,NoRank,NoRank,NoRank,NoRank,NoRank,NoRank,90,70,90,60,30,50,90,0x0,0x0,0x0,0x0,0x0,0x0,0x0,0x0,0x0,0x0,0x0,,
0x3F Yuyu,Name_Yuyu,Desc_Yuyu,0x3f,Freelancer,0xdc,0x0,FillerAffin,0x1a,1,9,2,5,18,2,12,13,0,NoRank,NoRank,NoRank,NoRank,NoRank,NoRank,NoRank,NoRank,70,35,35,70,35,70,70,0x0,0x0,0x0,0x0,0x0,IsFemale,0x0,0x0,0x0,0x0,0x0,,
0x40 Clarque,Name_Clarque,Desc_Clarque2,0x40,BowPal,0xe3,0x0,FillerAffin,0x0,7,31,12,9,7,9,3,10,3,ARank,NoRank,NoRank,ARank,NoRank,NoRank,NoRank,NoRank,195,65,65,65,65,65,65,0x0,0x0,0x0,0x0,0x0,0x0,0x0,0x0,0x0,0x0,0x0,,
0x41 Agnes,Name_Agnes,Desc_Agnes,0x41,MercF,0xe7,0x0,FillerAffin,0x0,14,13,10,-10,10,-4,-3,13,1,76,NoRank,NoRank,NoRank,NoRank,NoRank,NoRank,NoRank,200,100,1,100,1,1,100,0x0,0x0,0x0,0x0,0x0,IsFemale,0x0,0x0,0x0,0x0,0x0,,
0x42 Kyrie,Name_Kyrie,Desc_Kyrie,0x42,SwMastF,0x11c,0x0,FillerAffin,0x0,11,24,12,12,12,12,12,14,3,SRank,NoRank,NoRank,NoRank,NoRank,NoRank,NoRank,NoRank,37,83,149,181,41,73,199,0x0,0x0,0x0,0x0,0x0,IsFemale,0x0,0x0,0x0,0x0,0x0,,
0x43 Q,Name_Q,Desc_Q,0x43,SwdPalF,0xf3,0x0,FillerAffin,0x0,1,-4,-3,-4,-4,-3,-4,30,0,CRank,NoRank,NoRank,DRank,NoRank,NoRank,NoRank,NoRank,250,230,240,230,220,240,0,0x0,0x0,0x0,0x0,0x0,IsFemale,0x0,0x0,0x0,0x0,0x0,,
0x44 Gaylord,Name_Gaylord,Desc_Gaylord,0x44,Troub,0xe8,0x0,FillerAffin,0x0,6,31,2,3,2,5,5,27,3,NoRank,NoRank,NoRank,NoRank,BRank,NoRank,NoRank,NoRank,250,55,45,25,25,35,100,0x0,0x0,0x0,0x0,0x0,0x0,0x0,0x0,0x0,0x0,0x0,,
0x45 Valeria,Name_Valeria,Desc_Valeria,0x45,Falco,0xe1,0x0,FillerAffin,0x0,16,32,15,17,21,15,20,24,2,231,SRank,NoRank,NoRank,NoRank,NoRank,NoRank,NoRank,45,60,80,80,5,10,120,0x0,0x0,0x0,0x0,0x0,IsFemale|TriangleAttack,0x0,0x0,0x0,0x0,0x0,,
0x46 Marque (Ch 1),Name_Marque,Desc_Marque,0x46,AxeCav,0x31,0x0,NoAffinity,0x0,8,12,7,6,4,4,1,1,2,NoRank,NoRank,CRank,NoRank,NoRank,NoRank,NoRank,NoRank,85,50,10,10,10,15,30,0x0,0x0,0x0,0x0,0x0,IsBoss,0x0,0x0,0x0,0x0,0x0,,
0x47 Brentson (Ch 2),Name_Brentson,Desc_Brentson,0x47,LncArm,0x32,0x0,NoAffinity,0x0,9,16,9,8,3,3,3,1,2,NoRank,BRank,NoRank,NoRank,NoRank,NoRank,NoRank,NoRank,85,50,10,10,10,15,30,0x0,0x0,0x0,0x0,0x0,IsBoss,0x0,0x0,0x0,0x0,0x0,,
0x48 Helga (Ch 3),Name_Helga,Desc_Helga,0x48,FighterF,0x33,0x0,NoAffinity,0x0,12,18,12,8,6,3,6,5,1,NoRank,NoRank,BRank,NoRank,NoRank,NoRank,NoRank,NoRank,85,50,10,10,10,15,30,0x0,0x0,0x0,0x0,0x0,IsBoss|IsFemale,0x0,0x0,0x0,0x0,0x0,,
0x49 Starque (Ch 4),Name_Starque,Desc_Starque,0x49,SwdCav,0x41,0x0,NoAffinity,0x0,13,21,9,9,3,4,4,3,2,NoRank,NoRank,NoRank,NoRank,NoRank,NoRank,NoRank,NoRank,85,50,10,10,10,15,30,0x0,0x0,0x0,0x0,0x0,IsBoss,0x0,0x0,0x0,0x0,0x0,,
0x4A Mitchell (Ch 5),Name_Mitchell,Desc_Mitchell,0x4a,Hero,0x34,0x0,NoAffinity,0x0,2,13,6,2,-1,1,1,5,2,CRank,NoRank,CRank,NoRank,NoRank,NoRank,NoRank,NoRank,85,50,10,10,10,15,30,0x0,0x0,0x0,0x0,0x0,IsBoss,0x0,0x0,0x0,0x0,0x0,,
0x4B Amundsen (Ch 6),Name_Amundsen,Desc_Amundsen,0x4b,Bruiser,0x36,0x0,NoAffinity,0x0,16,21,8,9,6,5,4,3,3,BRank,NoRank,NoRank,NoRank,NoRank,NoRank,NoRank,NoRank,85,50,10,10,10,15,30,0x0,0x0,0x0,0x0,0x0,IsBoss,0x0,0x0,0x0,0x0,0x0,,
0x4C Zaine (Ch 7),Name_Zaine,Desc_Zaine,0x4c,Sorc,0x37,0x0,NoAffinity,0x0,2,12,2,3,1,-2,0,4,0,NoRank,NoRank,NoRank,NoRank,BRank,NoRank,NoRank,BRank,85,50,10,10,10,15,30,0x0,0x0,0x0,0x0,0x0,IsBoss,0x0,0x0,0x0,0x0,0x0,,
0x4D Esme (Ch 8),Name_Esme,Desc_Esme,0x4d,WyvLord,0x38,0x0,NoAffinity,0x0,2,17,8,5,3,3,4,7,-1,NoRank,ARank,ARank,NoRank,NoRank,NoRank,NoRank,NoRank,85,50,10,10,10,15,30,0x0,0x0,0x0,0x0,0x0,IsBoss|IsFemale,0x0,0x0,0x0,0x0,0x0,,
0x4E Pete (Ch 9),Name_Pete,Desc_Pete,0x4e,Berserker,0x39,0x0,NoAffinity,0x0,3,22,8,5,2,2,5,5,2,NoRank,NoRank,ARank,NoRank,NoRank,NoRank,NoRank,NoRank,85,50,10,10,10,15,30,0x0,0x0,0x0,0x0,0x0,IsBoss,0x0,0x0,0x0,0x0,0x0,,
0x4F Gregorias (Ch 10),Name_Gregorias,Desc_Gregorias,0x4f,Pirate,0x3a,0x0,NoAffinity,0x0,16,25,12,6,5,2,0,2,1,NoRank,NoRank,BRank,NoRank,NoRank,NoRank,NoRank,NoRank,85,50,25,35,15,15,30,0x0,0x0,0x0,0x0,0x0,IsBoss,0x0,0x0,0x0,0x0,0x0,,
0x50 Jonas (Ch 10),Name_Jonas,Desc_Jonas,0x50,LncWyv,0x3b,0x0,NoAffinity,0x0,17,19,10,8,5,6,5,8,2,NoRank,ARank,NoRank,NoRank,NoRank,NoRank,NoRank,NoRank,85,50,10,10,10,15,30,0x0,0x0,0x0,0x0,0x0,IsBoss,0x0,0x0,0x0,0x0,0x0,,
0x51 Laronde (Ch 12),Name_Laronde,Desc_Laronde,0x51,Halberdier,0x4a,0x0,NoAffinity,0x0,4,17,6,6,4,3,3,12,1,NoRank,ARank,NoRank,NoRank,NoRank,NoRank,NoRank,NoRank,85,50,35,35,25,15,30,0x0,0x0,0x0,0x0,0x0,IsBoss,0x0,0x0,0x0,0x0,0x0,,
0x52 Amara (Ch 13),Name_Amara,Desc_Amara,0x52,WarriorF,0x40,0x0,NoAffinity,0x0,5,33,7,3,4,2,6,7,0,NoRank,NoRank,ARank,ARank,NoRank,NoRank,NoRank,NoRank,85,65,10,10,20,20,30,0x0,0x0,0x0,0x0,0x0,IsBoss|IsFemale,0x0,0x0,0x0,0x0,0x0,,
0x53 Parque (Ch C),Name_Parque,Desc_Parque,0x53,LncPal,0xca,0x0,NoAffinity,0x0,2,20,6,5,3,2,11,6,2,NoRank,ARank,CRank,NoRank,NoRank,NoRank,NoRank,NoRank,85,50,45,45,30,20,20,0x0,0x0,0x0,0x0,0x0,IsBoss,0x0,0x0,0x0,0x0,0x0,,
0x54 Roark (Ch A),Name_Roark,Desc_Roark,0x54,Fighter,0xcb,0x0,NoAffinity,0x0,18,20,10,10,8,7,0,9,0,NoRank,NoRank,ARank,NoRank,NoRank,NoRank,NoRank,NoRank,85,50,10,10,10,15,30,0x0,0x0,0x0,0x0,0x0,IsBoss,0x0,0x0,0x0,0x0,0x0,,
0x55 Valden (Ch 14),Name_Valden,Desc_Valden,0x55,LncPal,0x47,0x0,NoAffinity,0x0,8,49,16,9,7,5,6,11,4,NoRank,SRank,BRank,NoRank,NoRank,NoRank,NoRank,NoRank,85,50,10,10,10,15,30,0x0,0x0,0x0,0x0,0x0,IsBoss,0x0,0x0,0x0,0x0,0x0,,
0x56 Vulture (Ch B),Name_Vulture,Desc_Vulture,0x56,BowArm,0xcc,0x0,NoAffinity,0x0,20,25,11,11,7,6,7,3,0,NoRank,NoRank,NoRank,ARank,NoRank,NoRank,NoRank,NoRank,85,65,20,40,15,40,30,0x0,0x0,0x0,0x0,0x0,IsBoss,0x0,0x0,0x0,0x0,0x0,,
0x43 Lazarus,Name_Lazarus,Desc_Lazarus,0x57,AxeGen,0x42,0x0,NoAffinity,0x0,12,34,18,17,12,14,10,12,0,CRank,BRank,SRank,NoRank,NoRank,NoRank,NoRank,NoRank,80,40,55,50,20,20,15,0x0,0x0,0x0,0x0,0x0,IsBoss,0x0,0x0,0x0,0x0,0x0,,
0x58 Ice Dragon (C12),Name_Dragon,Desc_C12IceDr,0x58,IceDragon,0x0,0x3,NoAffinity,0x0,3,57,14,16,11,16,12,2,0,NoRank,NoRank,NoRank,NoRank,NoRank,NoRank,NoRank,NoRank,85,50,10,10,10,15,30,0x0,0x0,0x0,0x0,0x0,IsBoss,0x0,0x0,0x0,0x0,0x0,,
0x59 Wyvern (Z2),Name_Dragon,Desc_Z2Wyvern,0x59,Wyvern,0x0,0x3,NoAffinity,0x0,2,48,11,8,10,5,0,4,0,NoRank,NoRank,NoRank,NoRank,NoRank,NoRank,NoRank,NoRank,85,50,10,10,10,15,30,0x0,0x0,0x0,0x0,0x0,IsBoss,0x0,0x0,0x0,0x0,0x0,,
0x5A Unknown (C15),Name_C15Boss,Desc_C15Boss,0x5a,Sorc,0xd8,0x0,NoAffinity,0x0,20,56,10,14,14,15,20,15,3,NoRank,NoRank,NoRank,NoRank,SRank,SRank,SRank,SRank,85,50,10,10,10,15,30,0x0,0x0,0x0,0x0,0x0,IsBoss,0x0,0x0,0x0,0x0,0x0,,
0x5B Nicole (C16),Name_Nicole,Desc_Nicole,0x5b,SwMastF,0xe0,0x0,NoAffinity,0x0,4,18,10,10,5,4,10,7,1,ARank,NoRank,NoRank,NoRank,NoRank,NoRank,NoRank,NoRank,85,50,35,35,25,15,30,0x0,0x0,0x0,0x0,0x0,IsBoss|IsFemale,0x0,0x0,0x0,0x0,0x0,,
0x5C Edward (C17),Name_Edward,Desc_Edward,0x5c,Berserker,0xdd,0x0,NoAffinity,0x0,6,29,10,10,10,8,2,4,2,NoRank,NoRank,ARank,NoRank,NoRank,NoRank,NoRank,NoRank,85,50,35,35,25,15,30,0x0,0x0,0x0,0x0,0x0,IsBoss,0x0,0x0,0x0,0x0,0x0,,
0x5D Eddie (C17),Name_Eddie,Desc_Eddie,0x5d,Berserker,0xde,0x0,NoAffinity,0x0,7,31,14,10,7,2,8,9,1,NoRank,NoRank,ARank,NoRank,NoRank,NoRank,NoRank,NoRank,85,50,10,10,10,15,30,0x0,0x0,0x0,0x0,0x0,IsBoss,0x0,0x0,0x0,0x0,0x0,,
0x5E Eduardo (C17),Name_Eduardo,Desc_Eduardo,0x5e,Warrior,0xdf,0x0,NoAffinity,0x0,8,42,13,15,9,10,7,8,1,NoRank,NoRank,ARank,SRank,NoRank,NoRank,NoRank,NoRank,85,50,10,10,10,15,30,0x0,0x0,0x0,0x0,0x0,IsBoss,0x0,0x0,0x0,0x0,0x0,,
0x5F Bungalas (C18),Name_Bungalas,Desc_Bungalas,0x5f,LncGen,0xe4,0x0,NoAffinity,0x0,10,54,21,-6,-1,15,-3,10,5,ERank,ARank,NoRank,ERank,NoRank,NoRank,NoRank,NoRank,85,50,35,35,15,15,30,0x0,0x0,0x0,0x0,0x0,IsBoss,0x0,0x0,0x0,0x0,0x0,,
0x60 Michael (C19),Name_Michael,Desc_Michael,0x60,Sniper,0xe2,0x0,NoAffinity,0x0,8,29,12,13,10,6,8,6,1,NoRank,NoRank,NoRank,ARank,NoRank,NoRank,NoRank,NoRank,85,50,10,10,10,15,30,0x0,0x0,0x0,0x0,0x0,IsBoss,0x0,0x0,0x0,0x0,0x0,,
0x61 Divine Dragon (C20),Name_Simulacrum,Desc_C20Boss,0x61,DivineDragon,0x0,0x3,NoAffinity,0x0,10,63,21,18,15,18,16,3,0,NoRank,NoRank,NoRank,NoRank,NoRank,NoRank,NoRank,NoRank,85,50,10,10,10,15,30,0x0,0x0,0x0,0x0,0x0,IsBoss,0x0,0x0,0x0,0x0,0x0,,
0x62 Reynard (V3),Name_Reynard,Desc_Reynard,0x62,Hero,0xea,0x0,NoAffinity,0x0,9,23,7,5,3,3,3,5,2,ARank,NoRank,ARank,NoRank,NoRank,NoRank,NoRank,NoRank,85,50,10,10,10,15,30,0x0,0x0,0x0,0x0,0x0,IsBoss,0x0,0x0,0x0,0x0,0x0,,
0x63 Nathaniel (21),Name_Nathaniel,Desc_Nathaniel,0x63,Sorc,0xeb,0x0,NoAffinity,0x0,10,40,12,12,12,12,12,12,3,NoRank,NoRank,NoRank,NoRank,SRank,NoRank,NoRank,ARank,85,50,10,10,10,15,30,0x0,0x0,0x0,0x0,0x0,IsBoss,0x0,0x0,0x0,0x0,0x0,,
0x64 Larson (21),Name_Larson,Desc_Larson,0x64,Assass,0xec,0x0,NoAffinity,0x0,10,30,9,9,9,9,9,9,3,SRank,NoRank,NoRank,ARank,NoRank,NoRank,NoRank,NoRank,85,50,10,10,10,15,30,0x0,0x0,0x0,0x0,0x0,IsBoss,0x0,0x0,0x0,0x0,0x0,,
0x65 Fiora (22),Name_Fiora,Desc_Fiora,0x65,HalberdierF,0xf2,0x0,NoAffinity,0x0,12,42,15,16,18,7,16,14,4,NoRank,SRank,NoRank,NoRank,NoRank,NoRank,NoRank,NoRank,60,20,30,35,15,15,25,0x0,0x0,0x0,0x0,0x0,IsBoss|IsFemale,0x0,0x0,0x0,0x0,0x0,,
0x66 DL Reynard,Name_DLReynard,Desc_DLReynard,0x66,Hero,HeroMCard,0x3,NoAffinity,0x0,12,33,15,10,12,6,6,0,2,SRank,NoRank,SRank,NoRank,NoRank,NoRank,NoRank,NoRank,60,20,30,35,15,15,25,0x0,0x0,0x0,0x0,0x0,IsBoss,0x0,0x0,0x0,0x0,0x0,,
0x67 Mason,Name_Mason,Desc_Mason,0x67,Valk,0xf5,0x0,NoAffinity,0x0,14,53,16,21,10,14,11,6,2,ARank,NoRank,NoRank,NoRank,ARank,NoRank,NoRank,NoRank,60,20,30,35,15,15,25,0x0,0x0,0x0,0x0,0x0,IsBoss,0x0,0x0,0x0,0x0,0x0,,
0x68 Davelarn (Prologue),Name_Davelarn,Desc_Davelarn,0x68,Deserter,0x30,0x0,NoAffinity,0x0,6,9,4,3,2,2,1,3,2,NoRank,CRank,NoRank,NoRank,NoRank,NoRank,NoRank,NoRank,85,50,10,10,10,15,30,0x0,0x0,0x0,0x0,0x0,IsBoss,0x0,0x0,0x0,0x0,0x0,,
0x69 Ineubrenos,NIneubrenos,Desc_Ineubrenos,0x69,SniperF,0xd9,0x0,NoAffinity,0x0,17,53,19,23,19,-6,-6,21,2,NoRank,NoRank,NoRank,SRank,NoRank,NoRank,NoRank,NoRank,85,50,10,10,10,15,30,0x0,0x0,0x0,0x0,0x0,IsBoss,0x0,0x0,0x0,0x0,0x0,,
0x6A Sofia (Ch 11),Name_Sofia,Desc_Sofia,0x6a,SorcF,0x35,0x0,NoAffinity,0x0,2,12,2,6,3,0,9,8,0,NoRank,NoRank,NoRank,NoRank,ARank,NoRank,NoRank,ARank,85,50,10,10,10,15,30,0x0,0x0,0x0,0x0,0x0,IsBoss|IsFemale,0x0,0x0,0x0,0x0,0x0,,
0x6B DL Davelarn (Z2),Name_DLDavelarn,Desc_DLDavelarn,0x6b,Deserter,DeserterCard,0x3,NoAffinity,0x0,19,49,19,18,14,9,10,0,2,NoRank,SRank,NoRank,NoRank,NoRank,NoRank,NoRank,NoRank,85,50,10,10,10,15,30,0x0,0x0,0x0,0x0,0x0,IsBoss,0x0,0x0,0x0,0x0,0x0,,
0x6C Clarque,Name_Clarque,Desc_Clarque,0x6c,BowPal,0xe3,0x0,NoAffinity,0x0,7,23,8,3,3,8,2,9,3,ARank,NoRank,NoRank,ARank,NoRank,NoRank,NoRank,NoRank,60,20,30,35,15,15,25,0x0,0x0,0x0,0x0,0x0,IsBoss,0x0,0x0,0x0,0x0,0x0,,
0x70 Arbordia (Final),Name_Arbordia,Desc_Arbordia,0x6d,Baron,0x3d,0x0,NoAffinity,0x0,20,76,17,21,20,20,25,15,0,SRank,SRank,SRank,SRank,SRank,SRank,SRank,SRank,60,20,30,35,15,15,25,0x0,0x0,0x0,0x0,0x0,IsBoss,0x0,0x0,0x0,0x0,0x0,,
0x6E Neillstrom (Ch 25ish),Name_Neillstrom,Desc_Neillstrom,0x6e,WyvLord,0x4f,0x0,NoAffinity,0x0,17,61,18,20,17,19,18,17,1,NoRank,SRank,SRank,NoRank,NoRank,NoRank,NoRank,NoRank,60,20,30,35,15,15,25,0x0,0x0,0x0,0x0,0x0,IsBoss,0x0,0x0,0x0,0x0,0x0,,
0x6F Ciraweiss,Name_Ciraweiss,Desc_Ciraweiss,0x6f,SageF,0x3c,0x0,NoAffinity,0x0,18,55,4,15,18,16,19,20,2,NoRank,NoRank,NoRank,NoRank,SRank,SRank,SRank,SRank,60,20,30,35,15,15,25,0x0,0x0,0x0,0x0,0x0,IsBoss|IsFemale,0x0,0x0,0x0,0x0,0x0,,
0x70 Arbordia,Name_Arbordia,Desc_Arbordia,0x70,Baron,0x3d,0x0,NoAffinity,0x0,20,56,12,16,16,15,20,15,0,SRank,SRank,SRank,SRank,SRank,SRank,SRank,SRank,60,20,30,35,15,15,25,0x0,0x0,0x0,0x0,0x0,IsBoss,0x0,0x0,0x0,0x0,0x0,,
"0x71 Liam (int 4, then ch 22ish)",Name_Liam,Desc_Liam,0x71,Hero,0x3e,0x0,NoAffinity,0x0,16,53,17,23,17,16,12,13,2,SRank,NoRank,ARank,NoRank,NoRank,NoRank,NoRank,NoRank,60,20,30,35,15,15,25,0x0,0x0,0x0,0x0,0x0,IsBoss,0x0,0x0,0x0,0x0,0x0,,
0x28 Sonia,Name_Sonia,Desc_Sonia,0x72,HalberdierF,0x48,0x0,FillerAffin,0x2b,13,20,15,20,16,10,10,24,3,NoRank,SRank,NoRank,NoRank,NoRank,NoRank,NoRank,NoRank,80,70,90,65,55,55,130,0x0,0x0,0x0,0x0,0x0,IsFemale|TriangleAttack|IsBoss,0x0,0x0,0x0,0x0,0x0,,
0x29 Joan,Name_Joan,Desc_Joan,0x73,HeroF,0x43,0x0,FillerAffin,0x2a,11,29,13,11,13,12,5,17,1,161,NoRank,ARank,NoRank,NoRank,NoRank,NoRank,NoRank,95,85,60,55,35,35,70,0x0,0x0,0x0,0x0,0x0,IsFemale|TriangleAttack|IsBoss,0x0,0x0,0x0,0x0,0x0,,
0x2A Tobias,Name_Tobias,Desc_Tobias,0x74,Warrior,0x51,0x0,FillerAffin,0x2c,16,35,17,15,13,10,14,11,3,NoRank,NoRank,SRank,91,NoRank,NoRank,NoRank,NoRank,160,95,50,25,25,25,35,0x0,0x0,0x0,0x0,0x0,TriangleAttack|IsBoss,0x0,0x0,0x0,0x0,0x0,,
0x75 - C23,0x0,0x0,0x75,0x41,0x0,0x0,NoAffinity,0x0,0,0,0,0,0,0,0,0,0,NoRank,NoRank,NoRank,NoRank,NoRank,NoRank,NoRank,NoRank,60,20,30,35,15,15,25,0x0,0x0,0x0,0x0,0x0,0x0,0x0,0x0,0x0,0x0,0x0,,
0x76 - C24,0x0,0x0,0x76,0x41,0x0,0x0,NoAffinity,0x0,0,0,0,0,0,0,0,0,0,NoRank,NoRank,NoRank,NoRank,NoRank,NoRank,NoRank,NoRank,60,20,30,35,15,15,25,0x0,0x0,0x0,0x0,0x0,0x0,0x0,0x0,0x0,0x0,0x0,,
0x77 - Bobert,Name_Bobert,Desc_Bobert,0x77,BowPal,0xe6,0x0,NoAffinity,0x0,15,52,15,15,15,15,10,10,2,SRank,NoRank,NoRank,SRank,NoRank,NoRank,NoRank,NoRank,60,20,30,35,15,15,25,0x0,0x0,0x0,0x0,0x0,IsBoss,0x0,0x0,0x0,0x0,0x0,,
0x70 Arbordia (True Final),Name_DLGirard,Desc_DLGirard,0x78,Liberator,0x3d,0x0,NoAffinity,0x0,20,110,0,0,0,0,0,0,2,SRank,SRank,SRank,SRank,SRank,SRank,SRank,SRank,0,0,0,0,0,0,0,0x0,0x0,0x0,0x0,0x0,IsBoss,0x0,0x0,0x0,0x0,0x0,,
0x79 DL Nathaniel,Name_DLNathaniel,Desc_DLNathaniel,0x79,Sorc,DLNathanielCard,0x3,NoAffinity,0x0,20,59,0,20,15,15,15,0,3,NoRank,NoRank,NoRank,NoRank,SRank,NoRank,NoRank,SRank,60,20,30,35,15,15,25,0x0,0x0,0x0,0x0,0x0,IsBoss,0x0,0x0,0x0,0x0,0x0,,
0x7A DL Lazarus,Name_DLLazarus,Desc_DLLazarus,0x7a,AxeGen,DLLazarusCard,0x3,NoAffinity,0x0,20,50,20,20,15,15,15,0,0,SRank,SRank,SRank,NoRank,NoRank,NoRank,NoRank,NoRank,60,20,30,35,15,15,25,0x0,0x0,0x0,0x0,0x0,IsBoss,0x0,0x0,0x0,0x0,0x0,,
0x7B DL Tarquin,Name_DLTarquin,Desc_DLTarquin,0x7b,WyvLord,DLTarquinCard,0x3,NoAffinity,0x0,20,59,20,20,15,15,15,0,1,NoRank,SRank,SRank,NoRank,NoRank,NoRank,NoRank,NoRank,60,20,30,35,15,15,25,0x0,0x0,0x0,0x0,0x0,IsBoss,0x0,0x0,0x0,0x0,0x0,,
0x7C DL Ethyl,Name_DLEthyl,Desc_DLEthyl,0x7c,SageF,DLEthylCard,0x3,NoAffinity,0x0,20,60,0,20,15,15,15,0,2,NoRank,NoRank,NoRank,NoRank,SRank,SRank,SRank,SRank,60,20,30,35,15,15,25,0x0,0x0,0x0,0x0,0x0,IsBoss|IsFemale,0x0,0x0,0x0,0x0,0x0,,
0x7D Enemy Elcorian,Name_Elcorian,Desc_Elcorian,0x7d,Valk,0xb,0x0,FillerAffin,0x0,16,36,18,18,15,16,11,14,3,231,NoRank,NoRank,NoRank,SRank,NoRank,NoRank,NoRank,65,35,80,50,45,130,5,0x0,0x0,0x0,0x0,0x0,IsBoss,0x0,0x0,0x0,0x0,0x0,,
for the love of god don't use,0x0,0x0,0x7e,0x41,0x0,0x0,NoAffinity,0x0,0,0,0,0,0,0,0,0,0,NoRank,NoRank,NoRank,NoRank,NoRank,NoRank,NoRank,NoRank,60,20,30,35,15,15,25,0x0,0x0,0x0,0x0,0x0,0x0,0x0,0x0,0x0,0x0,0x0,,
0x7F - Yg'stra Remnants,Name_Remnant,Desc_Remnant,0x7f,0x5,0x0,0x3,NoAffinity,0x0,1,0,0,0,0,0,0,0,0,NoRank,NoRank,NoRank,NoRank,NoRank,NoRank,NoRank,NoRank,60,20,30,35,15,15,25,0x0,0x0,0x0,0x0,0x0,0x0,0x0,0x0,0x0,0x0,0x0,,
0x80 - Dalstian Rebels,Name_DalstRebel,Desc_DalstRebel,0x80,0x3f,0x0,0x3,NoAffinity,0x0,1,0,0,0,0,0,0,0,0,NoRank,NoRank,NoRank,NoRank,NoRank,NoRank,NoRank,NoRank,60,20,30,35,15,15,25,0x0,0x0,0x0,0x0,0x0,0x0,0x0,0x0,0x0,0x0,0x0,,
0x81 - Mevionese,Name_Mevion,Desc_Mevion,0x81,0x19,0x0,0x3,NoAffinity,0x0,1,0,0,0,0,0,0,0,0,NoRank,NoRank,NoRank,NoRank,NoRank,NoRank,NoRank,NoRank,60,20,30,35,15,15,25,0x0,0x0,0x0,0x0,0x0,0x0,0x0,0x0,0x0,0x0,0x0,,
0x82 - Yg'strans,Name_Ygstra,Desc_Ygstra,0x82,0x3f,0x0,0x3,NoAffinity,0x0,1,0,0,0,0,0,0,0,0,NoRank,NoRank,NoRank,NoRank,NoRank,NoRank,NoRank,NoRank,60,20,30,35,15,15,25,0x0,0x0,0x0,0x0,0x0,0x0,0x0,0x0,0x0,0x0,0x0,,
0x83 - Elba Corians,Name_ElbaCor,Desc_ElbaCor,0x83,0x4e,0x0,0x3,NoAffinity,0x0,1,0,0,0,0,0,0,0,0,NoRank,NoRank,NoRank,NoRank,NoRank,NoRank,NoRank,NoRank,60,20,30,35,15,15,25,0x0,0x0,0x0,0x0,0x0,0x0,0x0,0x0,0x0,0x0,0x0,,
0x84 - Opistians,Name_Opistia,Desc_Opistia,0x84,0x9,0x0,0x3,NoAffinity,0x0,1,0,0,0,0,0,0,0,0,NoRank,NoRank,NoRank,NoRank,NoRank,NoRank,NoRank,NoRank,60,20,30,35,15,15,25,0x0,0x0,0x0,0x0,0x0,0x0,0x0,0x0,0x0,0x0,0x0,,
0x85 - Lowlanders,Name_Lowlands,Desc_Lowlands,0x85,0x5,0x0,0x3,NoAffinity,0x0,1,0,0,0,0,0,0,0,0,NoRank,NoRank,NoRank,NoRank,NoRank,NoRank,NoRank,NoRank,60,20,30,35,15,15,25,0x0,0x0,0x0,0x0,0x0,0x0,0x0,0x0,0x0,0x0,0x0,,
0x86 - Pirates,Name_Pirates,Desc_Pirates,0x86,0x13,0x0,0x3,NoAffinity,0x0,1,0,0,0,0,0,0,0,0,NoRank,NoRank,NoRank,NoRank,NoRank,NoRank,NoRank,NoRank,60,20,30,35,15,15,25,0x0,0x0,0x0,0x0,0x0,0x0,0x0,0x0,0x0,0x0,0x0,,
0x87 - Holanians,Name_Holanis,Desc_Holanis,0x87,0xf,0x0,0x3,NoAffinity,0x0,1,0,0,0,0,0,0,0,0,NoRank,NoRank,NoRank,NoRank,NoRank,NoRank,NoRank,NoRank,60,20,30,35,15,15,25,0x0,0x0,0x0,0x0,0x0,0x0,0x0,0x0,0x0,0x0,0x0,,
0x88 - Dalstians,Name_Dalst,Desc_Dalst,0x88,0xd,0x0,0x3,NoAffinity,0x0,1,0,0,0,0,0,0,0,0,NoRank,NoRank,NoRank,NoRank,NoRank,NoRank,NoRank,NoRank,60,20,30,35,15,15,25,0x0,0x0,0x0,0x0,0x0,0x0,0x0,0x0,0x0,0x0,0x0,,
0x89 - Mt. Loile,Name_Loile,Desc_Loile,0x89,0x25,0x0,0x3,NoAffinity,0x0,1,0,0,0,0,0,0,0,0,NoRank,NoRank,NoRank,NoRank,NoRank,NoRank,NoRank,NoRank,60,20,30,35,15,15,25,0x0,0x0,0x0,0x0,0x0,0x0,0x0,0x0,0x0,0x0,0x0,,
0x8a- Aercolynese,Name_Aercolyn,Desc_Aercolyn,0x8a,0x44,0x0,0x3,NoAffinity,0x0,1,0,0,0,0,0,0,0,0,NoRank,NoRank,NoRank,NoRank,NoRank,NoRank,NoRank,NoRank,60,20,30,35,15,15,25,0x0,0x0,0x0,0x0,0x0,0x0,0x0,0x0,0x0,0x0,0x0,,
0x8B Merchant,Name_Merchant,Desc_Merchant,0x8b,0x2d,0x0,0x3,NoAffinity,0x0,1,0,0,0,0,0,0,0,0,NoRank,NoRank,NoRank,NoRank,NoRank,NoRank,NoRank,NoRank,60,20,30,35,15,15,25,0x0,0x0,0x0,0x0,0x0,0x0,0x0,0x0,0x0,0x0,0x0,,
0x8C Citizen,Name_Citizen,Desc_Citizen,0x8c,0x4b,0x0,0x3,NoAffinity,0x0,1,0,0,0,0,0,0,0,0,NoRank,NoRank,NoRank,NoRank,NoRank,NoRank,NoRank,NoRank,60,20,30,35,15,15,25,0x0,0x0,0x0,0x0,0x0,0x0,0x0,0x0,0x0,0x0,0x0,,
0x8D Merchant 2,Name_Merchant,Desc_Merchant,0x8d,0x9,0x0,0x3,NoAffinity,0x0,1,0,0,0,0,0,0,0,0,NoRank,NoRank,NoRank,NoRank,NoRank,NoRank,NoRank,NoRank,60,20,30,35,15,15,25,0x0,0x0,0x0,0x0,0x0,0x0,0x0,0x0,0x0,0x0,0x0,,
0x8E Citizen 2,Name_Citizen,Desc_Citizen,0x8e,0x41,0x0,0x3,NoAffinity,0x0,1,0,0,0,0,0,0,0,0,NoRank,NoRank,NoRank,NoRank,NoRank,NoRank,NoRank,NoRank,60,20,30,35,15,15,25,0x0,0x0,0x0,0x0,0x0,0x0,0x0,0x0,0x0,0x0,0x0,,
0x8F Merchant 3,Name_Merchant,Desc_Merchant,0x8f,0x5,0x0,0x3,NoAffinity,0x0,4,10,0,10,10,12,14,12,1,NoRank,NoRank,NoRank,NoRank,141,NoRank,NoRank,201,60,20,30,35,15,15,25,0x0,0x0,0x0,0x0,0x0,0x0,0x0,0x0,0x0,0x0,0x0,,
0x90 Citizen 3,Name_Citizen,Desc_Citizen,0x90,0x2d,0x0,0x3,NoAffinity,0x0,1,0,0,0,0,0,0,0,0,NoRank,NoRank,NoRank,NoRank,NoRank,NoRank,NoRank,NoRank,60,20,30,35,15,15,25,0x0,0x0,0x0,0x0,0x0,0x0,0x0,0x0,0x0,0x0,0x0,,
0x91 Bandit,Name_Bandit,Desc_Bandit,0x91,0x25,0x0,0x3,NoAffinity,0x0,1,0,0,0,0,0,0,0,0,NoRank,NoRank,NoRank,NoRank,NoRank,NoRank,NoRank,NoRank,60,20,30,35,15,15,25,0x0,0x0,0x0,0x0,0x0,0x0,0x0,0x0,0x0,0x0,0x0,,
0x92 Simulacrum,Name_Simulacrum,Desc_Simulacrum,0x92,0xe,0x0,0x3,NoAffinity,0x0,1,0,0,0,0,0,0,0,0,NoRank,NoRank,NoRank,NoRank,NoRank,NoRank,NoRank,NoRank,0,0,0,0,0,0,0,0x0,0x0,0x0,0x0,0x0,0x0,0x0,0x0,0x0,0x0,0x0,,
0x93 Unknown,Name_Unknown,Desc_Unknown,0x93,0x41,0x0,0x3,NoAffinity,0x0,1,0,0,0,0,0,0,0,0,NoRank,NoRank,NoRank,NoRank,NoRank,NoRank,NoRank,NoRank,60,20,30,35,15,15,25,0x0,0x0,0x0,0x0,0x0,0x0,0x0,0x0,0x0,0x0,0x0,,
0x94 Generic Dragon,Name_Dragon,Desc_Dragon,0x94,0x41,0x0,0x3,NoAffinity,0x0,1,0,0,0,0,0,0,0,0,NoRank,NoRank,NoRank,NoRank,NoRank,NoRank,NoRank,NoRank,0,0,0,0,0,0,0,0x0,0x0,0x0,0x0,0x0,0x0,0x0,0x0,0x0,0x0,0x0,,
0x95 Johan (C2),Name_Johan,Desc_Johan,0x95,LncCav,0xfa,0x0,NoAffinity,0x0,8,10,7,7,7,7,7,7,0,NoRank,CRank,NoRank,NoRank,NoRank,NoRank,NoRank,NoRank,85,40,55,40,20,30,25,0x0,0x0,0x0,0x0,0x0,0x0,0x0,0x0,0x0,0x0,0x0,,
0x96 Arin,Name_Arin,Desc_Arin,0x96,Trickster,0x4,0x0,NoAffinity,0x0,3,10,4,7,7,4,5,12,0,CRank,NoRank,NoRank,NoRank,DRank,NoRank,NoRank,NoRank,75,25,90,65,20,45,60,0x0,0x0,0x0,0x0,0x0,IsFemale,0x0,0x0,0x0,0x0,0x0,,
0x97 - Brandl,Name_Brandl,Desc_Brandl,0x97,Sniper,0x49,0x0,NoAffinity,0x0,11,23,12,9,7,4,6,17,2,NoRank,NoRank,NoRank,ARank,NoRank,NoRank,NoRank,NoRank,0,0,0,0,0,0,0,0x0,0x0,0x0,0x0,0x0,0x0,0x0,0x0,0x0,0x0,0x0,,
0x98 Hyperius,Name_Hyperius,Desc_Hyperius,0x98,SwdGen,0x22,0x0,NoAffinity,0x0,12,21,12,13,7,8,3,12,2,BRank,NoRank,CRank,CRank,NoRank,NoRank,NoRank,NoRank,140,80,80,20,80,5,5,0x0,0x0,0x0,0x0,0x0,0x0,0x0,0xb,0x0,0x0,0x0,,
0x99 Alexis,Name_Alexis,Desc_Alexis,0x99,AxeArm,0x23,0x0,NoAffinity,0x0,8,8,4,5,6,3,3,5,-3,NoRank,NoRank,DRank,NoRank,NoRank,NoRank,NoRank,NoRank,100,65,55,45,65,25,25,0x0,0x0,0x0,0x0,0x0,IsFemale,0x0,0x4,0x0,0x0,0x0,,
0x9a Wilhelm,Name_Wilhelm,Desc_WilhelmC7,0x9a,Soldier,0xd,0x0,NoAffinity,0x0,16,17,14,14,13,8,5,5,2,NoRank,ARank,NoRank,NoRank,NoRank,NoRank,NoRank,NoRank,85,50,10,10,10,15,30,0x0,0x0,0x0,0x0,0x0,0x0,0x0,0x0,0x0,0x0,0x0,,
0x9b Cid,Name_Cid,Desc_Cid,0x9b,Berserker,0x57,0x0,NoAffinity,0x0,9,37,13,18,6,10,6,13,12,NoRank,NoRank,ARank,NoRank,NoRank,NoRank,NoRank,NoRank,0,0,0,0,0,0,0,0x0,0x0,0x0,0x0,0x0,0x0,0x0,0x0,0x0,0x0,0x0,,
0x9C Briant,Name_Briant,Desc_Briant,0x9c,Baron,0x53,0x0,NoAffinity,0x0,20,78,23,17,12,17,-12,15,3,ARank,ARank,SRank,ARank,ARank,ARank,ARank,ARank,0,0,0,0,0,0,0,0x0,0x0,0x0,0x0,0x0,IsBoss,0x0,0x0,0x0,0x0,0x0,,
0x9d guardian,Name_Guardian,Desc_Guardian,0x9d,0x5,0x0,0x3,NoAffinity,0x0,1,0,0,0,0,0,0,0,0,NoRank,NoRank,NoRank,NoRank,NoRank,NoRank,NoRank,NoRank,60,20,30,35,15,15,25,0x0,0x0,0x0,0x0,0x0,0x0,0x0,0x0,0x0,0x0,0x0,,
0x9e trickster guardian,Name_Guardian,Desc_Guardian,0x9e,0x3f,0x0,0x3,NoAffinity,0x0,1,5,5,5,5,3,3,5,0,NoRank,NoRank,NoRank,NoRank,NoRank,NoRank,NoRank,NoRank,60,20,30,35,15,15,25,0x0,0x0,0x0,0x0,0x0,0x0,0x0,0x0,0x0,0x0,0x0,,
0x9f runemaster guardian,Name_Guardian,Desc_Guardian,0x9f,0x19,0x0,0x3,NoAffinity,0x0,1,0,0,0,0,0,0,0,0,NoRank,NoRank,NoRank,NoRank,NoRank,NoRank,NoRank,NoRank,60,20,30,35,15,15,25,0x0,0x0,0x0,0x0,0x0,0x0,0x0,0x0,0x0,0x0,0x0,,
0xa0 Valeria,Name_Valeria,Desc_Valeria,0xa0,0x70,0xe1,0x0,NoAffinity,0x0,16,32,12,17,19,12,14,24,2,NoRank,NoRank,NoRank,NoRank,NoRank,NoRank,NoRank,NoRank,60,20,30,35,15,15,25,0x0,0x0,0x0,0x0,0x0,IsFemale,0x0,0x0,0x0,0x0,0x0,,
0xa1 Victor,Name_Victor,Desc_Victor,0xa1,0x4e,0xe9,0x0,NoAffinity,0x0,14,39,16,16,15,14,8,27,3,NoRank,NoRank,NoRank,NoRank,NoRank,NoRank,NoRank,NoRank,60,20,30,35,15,15,25,0x0,0x0,0x0,0x0,0x0,0x0,0x0,0x0,0x0,0x0,0x0,,
0xa2 Blade Guy,Name_BladeGuy,Desc_BladeGuy,0xa2,SwMast,0x0,0x3,NoAffinity,0x0,20,70,50,50,50,50,50,50,6,SRank,NoRank,NoRank,NoRank,NoRank,NoRank,NoRank,NoRank,60,20,30,35,15,15,25,0x0,0x0,0x0,0x0,0x0,IsBoss,0x0,0x0,0x0,0x0,0x0,,
0x6E Neillstrom (Ch 25ish),Name_Neillstrom,Desc_Neillstrom,0xa3,WyvLord,0x4f,0x0,NoAffinity,0x0,17,61,18,20,17,19,18,17,1,NoRank,SRank,SRank,NoRank,NoRank,NoRank,NoRank,NoRank,60,20,30,35,15,15,25,0x0,0x0,0x0,0x0,0x0,0x0,0x0,0x0,0x0,0x0,0x0,,
0x6F Ciraweiss,Name_Ciraweiss,Desc_Ciraweiss,0xa4,SageF,0x3c,0x0,NoAffinity,0x0,18,55,4,15,18,16,19,20,2,NoRank,NoRank,NoRank,NoRank,SRank,SRank,SRank,SRank,60,20,30,35,15,15,25,0x0,0x0,0x0,0x0,0x0,IsFemale,0x0,0x0,0x0,0x0,0x0,,
0xa5 - Holanians for V5 music,Name_Holanis,Desc_Holanis,0xa5,0xf,0x0,0x3,NoAffinity,0x0,1,0,0,0,0,0,0,0,0,NoRank,NoRank,NoRank,NoRank,NoRank,NoRank,NoRank,NoRank,60,20,30,35,15,15,25,0x0,0x0,0x0,0x0,0x0,0x0,0x0,0x0,0x0,0x0,0x0,,
Prisoner,Name_Prisoner,Desc_Prisoner,0xa6,0xd,0x0,0x3,NoAffinity,0x0,1,10,0,0,0,3,3,10,0,NoRank,NoRank,NoRank,NoRank,NoRank,NoRank,NoRank,NoRank,60,20,30,35,15,15,25,0x0,0x0,0x0,0x0,0x0,0x0,0x0,0x0,0x0,0x0,0x0,,
Liam's,Name_Liams,Desc_Liams,0xa7,0x25,0x0,0x3,NoAffinity,0x0,1,8,5,5,2,0,0,0,1,NoRank,NoRank,NoRank,NoRank,NoRank,NoRank,NoRank,NoRank,60,20,30,35,15,15,25,0x0,0x0,0x0,0x0,0x0,0x0,0x0,0x0,0x0,0x0,0x0,,
Liam's 2,Name_Liams,Desc_Liams,0xa8,0x25,0x0,0x3,NoAffinity,0x0,1,8,5,5,2,0,0,0,1,NoRank,NoRank,NoRank,NoRank,NoRank,NoRank,NoRank,NoRank,60,20,30,35,15,15,25,0x0,0x0,0x0,0x0,0x0,0x0,0x0,0x0,0x0,0x0,0x0,,
Liam's 3,Name_Liams,Desc_Liams,0xa9,0x25,0x0,0x3,NoAffinity,0x0,1,8,5,5,2,0,0,0,1,NoRank,NoRank,NoRank,NoRank,NoRank,NoRank,NoRank,NoRank,60,20,30,35,15,15,25,0x0,0x0,0x0,0x0,0x0,0x0,0x0,0x0,0x0,0x0,0x0,,
Liam's 4,Name_Liams,Desc_Liams,0xaa,0x25,0x0,0x3,NoAffinity,0x0,1,8,5,5,2,0,0,0,1,NoRank,NoRank,NoRank,NoRank,NoRank,NoRank,NoRank,NoRank,60,20,30,35,15,15,25,0x0,0x0,0x0,0x0,0x0,0x0,0x0,0x0,0x0,0x0,0x0,,
bounter hunter,Name_BHunter,Desc_BHunter,0xab,0x41,0x0,0x3,NoAffinity,0x0,1,0,0,0,0,0,0,0,0,NoRank,NoRank,NoRank,NoRank,NoRank,NoRank,NoRank,NoRank,60,20,30,35,15,15,25,0x0,0x0,0x0,0x0,0x0,0x0,0x0,0x0,0x0,0x0,0x0,,
0xac Endgame Simulacrum,Name_Simulacrum,Desc_Simulacrum,0xac,0xe,0x0,0x3,NoAffinity,0x0,1,20,6,6,4,3,3,0,2,NoRank,NoRank,NoRank,NoRank,NoRank,NoRank,NoRank,NoRank,0,0,0,0,0,0,0,0x0,0x0,0x0,0x0,0x0,0x0,0x0,0x0,0x0,0x0,0x0,,
0xAD Elites,Name_Elite,Desc_Elite,0xad,0x55,0x0,0x3,NoAffinity,0x0,1,10,4,3,2,2,2,0,2,NoRank,NoRank,NoRank,NoRank,NoRank,NoRank,NoRank,NoRank,60,20,30,35,15,15,25,0x0,0x0,0x0,0x0,0x0,0x0,0x0,0x0,0x0,0x0,0x0,,
0xAE Magic Elite,Name_Elite,Desc_Elite,0xae,0x56,0x0,0x3,NoAffinity,0x0,1,10,0,3,2,2,2,0,1,NoRank,NoRank,NoRank,NoRank,NoRank,NoRank,NoRank,NoRank,60,20,30,35,15,15,25,0x0,0x0,0x0,0x0,0x0,0x0,0x0,0x0,0x0,0x0,0x0,,
0xac Endgame Simulacrum,Name_Simulacrum,Desc_BossSimulacrum,0xaf,0xe,0x0,0x3,NoAffinity,0x0,1,20,6,6,4,3,3,0,2,NoRank,NoRank,NoRank,NoRank,NoRank,NoRank,NoRank,NoRank,0,0,0,0,0,0,0,0x0,0x0,0x0,0x0,0x0,0x0,0x0,0x0,0x0,0x0,0x0,,
0xac Endgame Simulacrum,Name_Simulacrum,Desc_BossSimulacrum,0xb0,0xe,0x0,0x3,NoAffinity,0x0,1,20,6,6,4,3,3,0,2,NoRank,NoRank,NoRank,NoRank,NoRank,NoRank,NoRank,NoRank,0,0,0,0,0,0,0,0x0,0x0,0x0,0x0,0x0,0x0,0x0,0x0,0x0,0x0,0x0,,
0xac Endgame Simulacrum,Name_Simulacrum,Desc_BossSimulacrum,0xb1,0xe,0x0,0x3,NoAffinity,0x0,1,20,6,6,4,3,3,0,2,NoRank,NoRank,NoRank,NoRank,NoRank,NoRank,NoRank,NoRank,0,0,0,0,0,0,0,0x0,0x0,0x0,0x0,0x0,0x0,0x0,0x0,0x0,0x0,0x0,,
0xac Endgame Simulacrum,Name_Simulacrum,Desc_BossSimulacrum,0xb2,0xe,0x0,0x3,NoAffinity,0x0,1,20,6,6,4,3,3,0,2,NoRank,NoRank,NoRank,NoRank,NoRank,NoRank,NoRank,NoRank,0,0,0,0,0,0,0,0x0,0x0,0x0,0x0,0x0,0x0,0x0,0x0,0x0,0x0,0x0,,
0xac Endgame Simulacrum,Name_Simulacrum,Desc_BossSimulacrum,0xb3,0xe,0x0,0x3,NoAffinity,0x0,1,20,6,6,4,3,3,0,2,NoRank,NoRank,NoRank,NoRank,NoRank,NoRank,NoRank,NoRank,0,0,0,0,0,0,0,0x0,0x0,0x0,0x0,0x0,0x0,0x0,0x0,0x0,0x0,0x0,,
0xac Endgame Simulacrum,Name_Simulacrum,Desc_BossSimulacrum,0xb4,0xe,0x0,0x3,NoAffinity,0x0,1,20,6,6,4,3,3,0,2,NoRank,NoRank,NoRank,NoRank,NoRank,NoRank,NoRank,NoRank,0,0,0,0,0,0,0,0x0,0x0,0x0,0x0,0x0,0x0,0x0,0x0,0x0,0x0,0x0,,
0xac Endgame Simulacrum,Name_Simulacrum,Desc_BossSimulacrum,0xb5,0xe,0x0,0x3,NoAffinity,0x0,1,20,6,6,4,3,3,0,2,NoRank,NoRank,NoRank,NoRank,NoRank,NoRank,NoRank,NoRank,0,0,0,0,0,0,0,0x0,0x0,0x0,0x0,0x0,0x0,0x0,0x0,0x0,0x0,0x0,,
0xB6 Monster,0x0,0x0,0xb6,0x5e,0x0,0x4,NoAffinity,0x0,1,0,0,0,0,0,0,0,0,NoRank,NoRank,NoRank,NoRank,NoRank,NoRank,NoRank,NoRank,60,20,30,35,15,15,25,0x0,0x0,0x0,0x0,0x0,0x0,0x0,0x0,0x0,0x0,0x0,,
0xB7 Monster,0x0,0x0,0xb7,0x5f,0x0,0x4,NoAffinity,0x0,1,0,0,0,0,0,0,0,0,NoRank,NoRank,NoRank,NoRank,NoRank,NoRank,NoRank,NoRank,60,20,30,35,15,15,25,0x0,0x0,0x0,0x0,0x0,0x0,0x0,0x0,0x0,0x0,0x0,,
0xB8 Monster,0x0,0x0,0xb8,0x60,0x0,0x4,NoAffinity,0x0,1,0,0,0,0,0,0,0,0,NoRank,NoRank,NoRank,NoRank,NoRank,NoRank,NoRank,NoRank,60,20,30,35,15,15,25,0x0,0x0,0x0,0x0,0x0,0x0,0x0,0x0,0x0,0x0,0x0,,
0xB9 Monster,0x0,0x0,0xb9,0x61,0x0,0x4,NoAffinity,0x0,1,0,0,0,0,0,0,0,0,NoRank,NoRank,NoRank,NoRank,NoRank,NoRank,NoRank,NoRank,60,20,30,35,15,15,25,0x0,0x0,0x0,0x0,0x0,0x0,0x0,0x0,0x0,0x0,0x0,,
0xBA Monster (Gorgon Egg?),0x0,0x0,0xba,0x62,0x0,0x4,NoAffinity,0x0,1,0,0,0,0,0,0,0,0,NoRank,NoRank,NoRank,NoRank,NoRank,NoRank,NoRank,NoRank,100,0,0,0,0,0,0,0x0,0x0,0x0,0x0,0x0,0x0,0x0,0x0,0x0,0x0,0x0,,
0xBB Monster,0x0,0x0,0xbb,0x63,0x0,0x4,NoAffinity,0x0,1,0,0,0,0,0,0,0,0,NoRank,NoRank,NoRank,NoRank,NoRank,NoRank,NoRank,NoRank,60,20,30,35,15,15,25,0x0,0x0,0x0,0x0,0x0,0x0,0x0,0x0,0x0,0x0,0x0,,
0xBC Monster,0x0,0x0,0xbc,0x64,0x0,0x4,NoAffinity,0x0,1,0,0,0,0,0,0,0,0,NoRank,NoRank,NoRank,NoRank,NoRank,NoRank,NoRank,NoRank,60,20,30,35,15,15,25,0x0,0x0,0x0,0x0,0x0,0x0,0x0,0x0,0x0,0x0,0x0,,
0xBD Monster (Dracozombie?),0x0,0x0,0xbd,0x65,0x0,0x1,NoAffinity,0x0,1,0,0,0,0,0,0,0,0,NoRank,NoRank,NoRank,NoRank,NoRank,NoRank,NoRank,NoRank,60,20,30,35,15,15,25,0x0,0x0,0x0,0x0,0x0,0x0,0x0,0x0,0x0,0x0,0x0,,
0xBE Demon King,0x0,0x0,0xbe,0x66,0x0,0x4,NoAffinity,0x0,20,0,0,0,0,0,0,10,0,NoRank,NoRank,NoRank,NoRank,NoRank,NoRank,NoRank,NoRank,60,20,30,35,15,15,25,0x0,0x0,0x0,0x0,0x0,IsBoss,0x0,0x0,0x0,0x0,0x0,,
0xBF -,0x0,0x0,0xbf,0x41,0x0,0x0,NoAffinity,0x0,1,0,0,0,0,0,0,0,0,NoRank,NoRank,NoRank,NoRank,NoRank,NoRank,NoRank,NoRank,0,0,0,0,0,0,0,0x0,0x0,0x0,0x0,0x0,0x0,0x0,0x0,0x0,0x0,0x0,,
0xC0 Frelian,0x0,0x0,0xc0,0x13,0x0,0x2,NoAffinity,0x0,1,0,0,0,0,0,0,0,0,NoRank,NoRank,NoRank,NoRank,NoRank,NoRank,NoRank,NoRank,85,40,50,45,25,25,20,0x0,0x0,0x0,0x0,0x0,0x0,0x0,0x0,0x0,0x0,0x0,,
0xC1 Frelian,0x0,0x0,0xc1,0x5,0x0,0x2,NoAffinity,0x0,1,0,0,0,0,0,0,0,0,NoRank,NoRank,NoRank,NoRank,NoRank,NoRank,NoRank,NoRank,85,40,50,45,25,25,20,0x0,0x0,0x0,0x0,0x0,0x0,0x0,0x0,0x0,0x0,0x0,,
0xC2 -,0x0,0x0,0xc2,0x41,0x0,0x0,NoAffinity,0x0,1,0,0,0,0,0,0,0,0,NoRank,NoRank,NoRank,NoRank,NoRank,NoRank,NoRank,NoRank,0,0,0,0,0,0,0,0x0,0x0,0x0,0x0,0x0,0x0,0x0,0x0,0x0,0x0,0x0,,
0xC3 -,0x0,0x0,0xc3,0x41,0x0,0x0,NoAffinity,0x0,1,0,0,0,0,0,0,0,0,NoRank,NoRank,NoRank,NoRank,NoRank,NoRank,NoRank,NoRank,0,0,0,0,0,0,0,0x0,0x0,0x0,0x0,0x0,0x0,0x0,0x0,0x0,0x0,0x0,,
0xC4 -,0x0,0x0,0xc4,0x41,0x0,0x0,NoAffinity,0x0,1,0,0,0,0,0,0,0,0,NoRank,NoRank,NoRank,NoRank,NoRank,NoRank,NoRank,NoRank,0,0,0,0,0,0,0,0x0,0x0,0x0,0x0,0x0,0x0,0x0,0x0,0x0,0x0,0x0,,
0xC5 Fado (Renais),0x0,0x0,0xc5,0x27,0x0,0x0,NoAffinity,0x0,5,13,8,6,8,2,12,10,3,NoRank,NoRank,NoRank,NoRank,NoRank,NoRank,NoRank,NoRank,85,40,50,45,25,25,20,0x0,0x0,0x0,0x0,0x0,0x0,0x0,0x0,0x0,0x0,0x0,,
0xC6 -,0x0,0x0,0xc6,0x41,0x0,0x0,NoAffinity,0x0,1,0,0,0,0,0,0,0,0,NoRank,NoRank,NoRank,NoRank,NoRank,NoRank,NoRank,NoRank,0,0,0,0,0,0,0,0x0,0x0,0x0,0x0,0x0,0x0,0x0,0x0,0x0,0x0,0x0,,
0xC7 Hayden (Frelia),0x0,0x0,0xc7,0x73,0x0,0x0,NoAffinity,0x0,1,0,0,0,0,0,0,0,1,NoRank,NoRank,NoRank,NoRank,NoRank,NoRank,NoRank,NoRank,85,40,50,45,25,25,20,0x0,0x0,0x0,0x0,0x0,0x0,0x0,0x0,0x0,0x0,0x0,,
0xC8 Mansel (Rausten),0x0,0x0,0xc8,0x7a,0x0,0x0,NoAffinity,0x0,17,11,11,3,2,5,8,17,0,NoRank,NoRank,NoRank,NoRank,NoRank,NoRank,NoRank,NoRank,85,40,50,45,25,25,20,0x0,0x0,0x0,0x0,0x0,0x0,0x0,0x0,0x0,0x0,0x0,,
0xC9 Klimt (Carcino),0x0,0x0,0xc9,0x2b,0x0,0x0,NoAffinity,0x0,1,0,0,0,0,0,0,0,0,NoRank,NoRank,NoRank,NoRank,NoRank,NoRank,NoRank,NoRank,85,40,50,45,25,25,20,0x0,0x0,0x0,0x0,0x0,0x0,0x0,0x0,0x0,0x0,0x0,,
0xCA Dara (Caer Pelyn),0x0,0x0,0xca,0x2f,0x0,0x0,NoAffinity,0x0,1,0,0,0,0,0,0,0,0,NoRank,NoRank,NoRank,NoRank,NoRank,NoRank,NoRank,NoRank,85,40,50,45,25,25,20,0x0,0x0,0x0,0x0,0x0,0x0,0x0,0x0,0x0,0x0,0x0,,
0xCB Ismaire (Jehanna),0x0,0x0,0xcb,0x74,0x0,0x0,NoAffinity,0x0,4,14,10,9,11,4,12,12,0,ARank,NoRank,NoRank,NoRank,NoRank,NoRank,NoRank,NoRank,75,30,60,55,20,25,30,0x0,0x0,0x0,0x0,0x0,IsFemale,0x0,0x0,0x0,0x0,0x0,,
0xCC Pegasus Messenger,0x0,0x0,0xcc,0x48,0x0,0x0,NoAffinity,0x0,1,3,2,2,5,0,2,7,0,NoRank,DRank,NoRank,NoRank,NoRank,NoRank,NoRank,NoRank,85,40,50,45,25,25,20,0x0,0x0,0x0,0x0,0x0,IsFemale,0x0,0x0,0x0,0x0,0x0,,
0xCD Rausten Knight,0x0,0x0,0xcd,0x9,0x0,0x2,NoAffinity,0x0,1,0,0,0,0,0,0,0,0,NoRank,NoRank,NoRank,NoRank,NoRank,NoRank,NoRank,NoRank,85,40,50,45,25,25,20,0x0,0x0,0x0,0x0,0x0,0x0,0x0,0x0,0x0,0x0,0x0,,
0xCE Rausten Knight,0x0,0x0,0xce,0x9,0x0,0x2,NoAffinity,0x0,1,0,0,0,0,0,0,0,0,NoRank,NoRank,NoRank,NoRank,NoRank,NoRank,NoRank,NoRank,85,40,50,45,25,25,20,0x0,0x0,0x0,0x0,0x0,0x0,0x0,0x0,0x0,0x0,0x0,,
0xCF - Crate,_Crate,Desc_CrateAercolyn,0xcf,0x61,0x0,0x2,NoAffinity,0x0,1,0,0,0,0,0,0,0,0,NoRank,NoRank,NoRank,NoRank,NoRank,NoRank,NoRank,NoRank,0,0,0,0,0,0,0,0x0,0x0,0x0,0x0,0x0,0x0,0x0,0x0,0x0,0x0,0x0,,
0xd0 - Another Crate,_Crate,Desc_CrateUnit,0xd0,0x61,0x0,0x2,NoAffinity,0x0,1,0,0,0,0,0,0,0,0,NoRank,NoRank,NoRank,NoRank,NoRank,NoRank,NoRank,NoRank,0,0,0,0,0,0,0,0x0,0x0,0x0,0x0,0x0,0x0,0x0,0x0,0x0,0x0,0x0,,
0xD1 - Horse,_Horse,Desc_Horse,0xd1,0x41,0x0,0x2,NoAffinity,0x0,15,34,10,15,12,9,4,12,0,NoRank,NoRank,NoRank,NoRank,NoRank,NoRank,NoRank,NoRank,0,0,0,0,0,0,0,0x0,0x0,0x0,0x0,0x0,0x0,0x0,0x0,0x0,0x0,0x0,,
0xD2 - Sword,HoratioSwordName,Desc_SwordSummon,0xd2,0x1e,0x0,0x2,NoAffinity,0x0,0,0,0,0,0,0,0,0,0,NoRank,NoRank,NoRank,NoRank,NoRank,NoRank,NoRank,NoRank,0,0,0,0,0,0,0,0x0,0x0,0x0,0x0,0x0,0x0,0x0,0x0,0x0,0x0,0x0,,
0xD3 - Book,_Book,Desc_Book,0xd3,0x41,0x0,0x2,NoAffinity,0x0,1,0,0,0,0,0,0,0,0,NoRank,NoRank,NoRank,NoRank,NoRank,NoRank,NoRank,NoRank,0,0,0,0,0,0,0,0x0,0x0,0x0,0x0,0x0,0x0,0x0,0x0,0x0,0x0,0x0,,
0xd0 - Another Crate,_Dummy,Desc_Dummy,0xd4,TrainingDummy,0x0,0x2,NoAffinity,0x0,1,0,0,0,0,0,0,0,0,SRank,NoRank,NoRank,NoRank,NoRank,NoRank,NoRank,NoRank,0,0,0,0,0,0,0,0x0,0x0,0x0,0x0,0x0,0x0,0x0,0x0,0x0,0x0,0x0,,
0xD5 -,0x0,0x0,0xd5,0x41,0x0,0x0,NoAffinity,0x0,0,0,0,0,0,0,0,0,0,NoRank,NoRank,NoRank,NoRank,NoRank,NoRank,NoRank,NoRank,0,0,0,0,0,0,0,0x0,0x0,0x0,0x0,0x0,0x0,0x0,0x0,0x0,0x0,0x0,,
0xD6 -,0x0,0x0,0xd6,0x41,0x0,0x0,NoAffinity,0x0,0,0,0,0,0,0,0,0,0,NoRank,NoRank,NoRank,NoRank,NoRank,NoRank,NoRank,NoRank,0,0,0,0,0,0,0,0x0,0x0,0x0,0x0,0x0,0x0,0x0,0x0,0x0,0x0,0x0,,
0xD7 -,0x0,0x0,0xd7,0x41,0x0,0x0,NoAffinity,0x0,0,0,0,0,0,0,0,0,0,NoRank,NoRank,NoRank,NoRank,NoRank,NoRank,NoRank,NoRank,0,0,0,0,0,0,0,0x0,0x0,0x0,0x0,0x0,0x0,0x0,0x0,0x0,0x0,0x0,,
0xD8 -,0x0,0x0,0xd8,0x41,0x0,0x0,NoAffinity,0x0,0,0,0,0,0,0,0,0,0,NoRank,NoRank,NoRank,NoRank,NoRank,NoRank,NoRank,NoRank,0,0,0,0,0,0,0,0x0,0x0,0x0,0x0,0x0,0x0,0x0,0x0,0x0,0x0,0x0,,
0xD9 -,0x0,0x0,0xd9,0x41,0x0,0x0,NoAffinity,0x0,0,0,0,0,0,0,0,0,0,NoRank,NoRank,NoRank,NoRank,NoRank,NoRank,NoRank,NoRank,0,0,0,0,0,0,0,0x0,0x0,0x0,0x0,0x0,0x0,0x0,0x0,0x0,0x0,0x0,,
0xDA -,0x0,0x0,0xda,0x41,0x0,0x0,NoAffinity,0x0,0,0,0,0,0,0,0,0,0,NoRank,NoRank,NoRank,NoRank,NoRank,NoRank,NoRank,NoRank,0,0,0,0,0,0,0,0x0,0x0,0x0,0x0,0x0,0x0,0x0,0x0,0x0,0x0,0x0,,
0xDB -,0x0,0x0,0xdb,0x41,0x0,0x0,NoAffinity,0x0,0,0,0,0,0,0,0,0,0,NoRank,NoRank,NoRank,NoRank,NoRank,NoRank,NoRank,NoRank,0,0,0,0,0,0,0,0x0,0x0,0x0,0x0,0x0,0x0,0x0,0x0,0x0,0x0,0x0,,
0xDC -,0x0,0x0,0xdc,0x41,0x0,0x0,NoAffinity,0x0,0,0,0,0,0,0,0,0,0,NoRank,NoRank,NoRank,NoRank,NoRank,NoRank,NoRank,NoRank,0,0,0,0,0,0,0,0x0,0x0,0x0,0x0,0x0,0x0,0x0,0x0,0x0,0x0,0x0,,
0xDD -,0x0,0x0,0xdd,0x41,0x0,0x0,NoAffinity,0x0,0,0,0,0,0,0,0,0,0,NoRank,NoRank,NoRank,NoRank,NoRank,NoRank,NoRank,NoRank,0,0,0,0,0,0,0,0x0,0x0,0x0,0x0,0x0,0x0,0x0,0x0,0x0,0x0,0x0,,
0xDE -,0x0,0x0,0xde,0x41,0x0,0x0,NoAffinity,0x0,0,0,0,0,0,0,0,0,0,NoRank,NoRank,NoRank,NoRank,NoRank,NoRank,NoRank,NoRank,0,0,0,0,0,0,0,0x0,0x0,0x0,0x0,0x0,0x0,0x0,0x0,0x0,0x0,0x0,,
0xDF -,0x0,0x0,0xdf,0x41,0x0,0x0,NoAffinity,0x0,0,0,0,0,0,0,0,0,0,NoRank,NoRank,NoRank,NoRank,NoRank,NoRank,NoRank,NoRank,0,0,0,0,0,0,0,0x0,0x0,0x0,0x0,0x0,0x0,0x0,0x0,0x0,0x0,0x0,,
0xE0 -,0x0,0x0,0xe0,0x41,0x0,0x0,NoAffinity,0x0,0,0,0,0,0,0,0,0,0,NoRank,NoRank,NoRank,NoRank,NoRank,NoRank,NoRank,NoRank,0,0,0,0,0,0,0,0x0,0x0,0x0,0x0,0x0,0x0,0x0,0x0,0x0,0x0,0x0,,
0xE1 -,0x0,0x0,0xe1,0x41,0x0,0x0,NoAffinity,0x0,0,0,0,0,0,0,0,0,0,NoRank,NoRank,NoRank,NoRank,NoRank,NoRank,NoRank,NoRank,0,0,0,0,0,0,0,0x0,0x0,0x0,0x0,0x0,0x0,0x0,0x0,0x0,0x0,0x0,,
0xE2 - DL,Name_DL1,Desc_DL1,0xe2,ViridianLord,ViridianLordCard,0x3,NoAffinity,0x0,15,54,17,15,12,14,22,0,0,NoRank,NoRank,NoRank,SRank,SRank,NoRank,NoRank,NoRank,0,0,0,0,0,0,0,0x0,0x0,0x0,0x0,0x0,IsBoss,0x0,0x0,0x0,0x0,0x0,,
0xE3 -,Name_DL2,Desc_DL2,0xe3,WyvLord,DLFreddricCard,0x3,NoAffinity,0x0,18,60,18,12,16,14,14,0,0,NoRank,SRank,SRank,NoRank,NoRank,NoRank,NoRank,NoRank,0,0,0,0,0,0,0,0x0,0x0,0x0,0x0,0x0,IsBoss,0x0,0x0,0x0,0x0,0x0,,
0xE4 -,Name_DL3,Desc_DL3,0xe4,Warrior,DLDeanCard,0x3,NoAffinity,0x0,14,66,15,16,13,15,14,0,2,NoRank,NoRank,SRank,SRank,NoRank,NoRank,NoRank,NoRank,0,0,0,0,0,0,0,0x0,0x0,0x0,0x0,0x0,IsBoss,0x0,0x0,0x0,0x0,0x0,,
0xE5 -,Name_DL4,Desc_DL4,0xe5,BishopF,DLElizaCard,0x3,NoAffinity,0x0,9,35,2,14,8,10,20,0,-1,NoRank,NoRank,NoRank,NoRank,SRank,NoRank,SRank,NoRank,0,0,0,0,0,0,0,0x0,0x0,0x0,0x0,0x0,IsBoss|IsFemale,0x0,0x0,0x0,0x0,0x0,,
0xE6 -,Name_DL5,Desc_DL5,0xe6,BardF,BardFCard,0x3,NoAffinity,0x0,17,21,2,3,20,4,6,0,0,NoRank,NoRank,NoRank,NoRank,NoRank,NoRank,NoRank,NoRank,0,0,0,0,0,0,0,0x0,0x0,0x0,0x0,0x0,IsBoss|IsFemale,0x0,0x0,0x0,0x0,0x0,,
0xE7 -,Name_DL6,Desc_DL6,0xe7,SwMast,DLRiftCard,0x3,NoAffinity,0x0,13,48,15,17,19,18,12,0,0,SRank,NoRank,NoRank,NoRank,NoRank,NoRank,NoRank,NoRank,0,0,0,0,0,0,0,0x0,0x0,0x0,0x0,0x0,IsBoss,0x0,0x0,0x0,0x0,0x0,,
0xE8 -,Name_DL7,Desc_DL7,0xe8,BowPalF,DLEstelleCard,0x3,NoAffinity,0x0,8,33,16,21,21,12,18,0,0,NoRank,SRank,NoRank,SRank,NoRank,NoRank,NoRank,NoRank,0,0,0,0,0,0,0,0x0,0x0,0x0,0x0,0x0,IsBoss|IsFemale,0x0,0x0,0x0,0x0,0x0,,
0xE9 -,Name_DL8,Desc_DL8,0xe9,SageF,DLRoseCard,0x3,NoAffinity,0x0,6,31,0,21,21,0,2,0,-1,NoRank,NoRank,NoRank,NoRank,SRank,SRank,NoRank,NoRank,0,0,0,0,0,0,0,0x0,0x0,0x0,0x0,0x0,IsBoss|IsFemale,0x0,0x0,0x0,0x0,0x0,,
0xEA -,Name_DL9,Desc_DL9,0xea,Berserker,DLDirkCard,0x3,NoAffinity,0x0,12,69,19,16,14,15,21,0,1,NoRank,NoRank,SRank,NoRank,NoRank,NoRank,NoRank,NoRank,0,0,0,0,0,0,0,0x0,0x0,0x0,0x0,0x0,IsBoss,0x0,0x0,0x0,0x0,0x0,,
0xEB -,Name_DL10,Desc_DL10,0xeb,SwdPal,DLCallumCard,0x3,NoAffinity,0x0,16,56,15,15,15,15,15,0,1,SRank,SRank,NoRank,NoRank,NoRank,NoRank,NoRank,NoRank,0,0,0,0,0,0,0,0x0,0x0,0x0,0x0,0x0,IsBoss,0x0,0x0,0x0,0x0,0x0,,
0xEC -,Name_DL11,Desc_DL11,0xec,Sorc,DLManfredCard,0x3,NoAffinity,0x0,11,51,3,25,19,21,6,0,2,NoRank,NoRank,NoRank,NoRank,SRank,NoRank,NoRank,SRank,0,0,0,0,0,0,0,0x0,0x0,0x0,0x0,0x0,IsBoss,0x0,0x0,0x0,0x0,0x0,,
0xED -,Name_DL12,Desc_DL12,0xed,Halberdier,DLWilhelmCard,0x3,NoAffinity,0x0,13,60,21,24,18,21,15,0,2,NoRank,SRank,NoRank,NoRank,NoRank,NoRank,NoRank,NoRank,0,0,0,0,0,0,0,0x0,0x0,0x0,0x0,0x0,IsBoss,0x0,0x0,0x0,0x0,0x0,,
0xEE - DLE,Name_DL13,Desc_DL13,0xee,BowGen,DLArgentCard,0x3,NoAffinity,0x0,16,45,15,21,12,14,14,0,0,NoRank,SRank,SRank,SRank,NoRank,NoRank,NoRank,NoRank,0,0,0,0,0,0,0,0x0,0x0,0x0,0x0,0x0,IsBoss|IsFemale,0x0,0x0,0x0,0x0,0x0,,
0xEF -,0x0,0x0,0xef,0x41,0x0,0x0,NoAffinity,0x0,0,0,0,0,0,0,0,0,0,NoRank,NoRank,NoRank,NoRank,NoRank,NoRank,NoRank,NoRank,0,0,0,0,0,0,0,0x0,0x0,0x0,0x0,0x0,0x0,0x0,0x0,0x0,0x0,0x0,,
0xF0 -,0x0,0x0,0xf0,0x41,0x0,0x0,NoAffinity,0x0,0,0,0,0,0,0,0,0,0,NoRank,NoRank,NoRank,NoRank,NoRank,NoRank,NoRank,NoRank,0,0,0,0,0,0,0,0x0,0x0,0x0,0x0,0x0,0x0,0x0,0x0,0x0,0x0,0x0,,
0xF1 -,0x0,0x0,0xf1,0x41,0x0,0x0,NoAffinity,0x0,0,0,0,0,0,0,0,0,0,NoRank,NoRank,NoRank,NoRank,NoRank,NoRank,NoRank,NoRank,0,0,0,0,0,0,0,0x0,0x0,0x0,0x0,0x0,0x0,0x0,0x0,0x0,0x0,0x0,,
0xF2 -,0x0,0x0,0xf2,0x41,0x0,0x0,NoAffinity,0x0,0,0,0,0,0,0,0,0,0,NoRank,NoRank,NoRank,NoRank,NoRank,NoRank,NoRank,NoRank,0,0,0,0,0,0,0,0x0,0x0,0x0,0x0,0x0,0x0,0x0,0x0,0x0,0x0,0x0,,
0xF3 -,0x0,0x0,0xf3,0x41,0x0,0x0,NoAffinity,0x0,0,0,0,0,0,0,0,0,0,NoRank,NoRank,NoRank,NoRank,NoRank,NoRank,NoRank,NoRank,0,0,0,0,0,0,0,0x0,0x0,0x0,0x0,0x0,0x0,0x0,0x0,0x0,0x0,0x0,,
0xF4 River Folk Child (F),0x0,0x0,0xf4,0x6d,0x0,0x5,NoAffinity,0x0,1,0,0,0,0,2,0,0,0,NoRank,NoRank,NoRank,NoRank,NoRank,NoRank,NoRank,NoRank,85,25,60,10,15,15,25,0x0,0x0,0x0,0x0,0x0,0x0,0x0,0x0,0x0,0x0,0x0,,
0xF5 River Folk (F),0x0,0x0,0xf5,0x6e,0x0,0x5,NoAffinity,0x0,1,0,0,0,0,2,0,0,0,NoRank,NoRank,NoRank,NoRank,NoRank,NoRank,NoRank,NoRank,85,25,60,10,15,15,25,0x0,0x0,0x0,0x0,0x0,IsFemale,0x0,0x0,0x0,0x0,0x0,,
0xF6 River Folk (M),0x0,0x0,0xf6,0x6f,0x0,0x5,NoAffinity,0x0,1,0,0,0,0,2,0,0,0,NoRank,NoRank,NoRank,NoRank,NoRank,NoRank,NoRank,NoRank,85,25,60,10,15,15,25,0x0,0x0,0x0,0x0,0x0,0x0,0x0,0x0,0x0,0x0,0x0,,
0xF7 River Folk (F),0x0,0x0,0xf7,0x70,0x0,0x5,NoAffinity,0x0,1,0,0,0,0,2,0,0,0,NoRank,NoRank,NoRank,NoRank,NoRank,NoRank,NoRank,NoRank,85,25,60,10,15,15,25,0x0,0x0,0x0,0x0,0x0,IsFemale,0x0,0x0,0x0,0x0,0x0,,
0xF8 River Folk Child,0x0,0x0,0xf8,0x6d,0x0,0x5,NoAffinity,0x0,1,0,0,0,0,2,0,0,0,NoRank,NoRank,NoRank,NoRank,NoRank,NoRank,NoRank,NoRank,85,25,60,10,15,15,25,0x0,0x0,0x0,0x0,0x0,0x0,0x0,0x0,0x0,0x0,0x0,,
0xF9 Renais Citizen 1 (Child),0x0,0x0,0xf9,0x6e,0x0,0x5,NoAffinity,0x0,1,0,0,0,0,2,0,0,0,NoRank,NoRank,NoRank,NoRank,NoRank,NoRank,NoRank,NoRank,85,25,60,10,15,15,25,0x0,0x0,0x0,0x0,0x0,IsFemale,0x0,0x0,0x0,0x0,0x0,,
0xFA Renais Citizen 2,0x0,0x0,0xfa,0x71,0x0,0x5,NoAffinity,0x0,1,0,0,0,0,2,0,0,0,NoRank,NoRank,NoRank,NoRank,NoRank,NoRank,NoRank,NoRank,85,25,60,10,15,15,25,0x0,0x0,0x0,0x0,0x0,0x0,0x0,0x0,0x0,0x0,0x0,,
0xFB Renais Citizen 3,0x0,0x0,0xfb,0x72,0x0,0x5,NoAffinity,0x0,1,0,0,0,0,2,0,0,0,NoRank,NoRank,NoRank,NoRank,NoRank,NoRank,NoRank,NoRank,85,25,60,10,15,15,25,0x0,0x0,0x0,0x0,0x0,IsFemale,0x0,0x0,0x0,0x0,0x0,,
0xFC sinclair because fuck it,Name_Sinclair,Desc_Sinclair,0xfc,Sage,0xf4,0x0,NoAffinity,0x0,18,41,12,19,16,13,17,14,2,NoRank,NoRank,NoRank,NoRank,SRank,SRank,NoRank,SRank,85,25,60,10,15,15,25,0x0,0x0,0x0,0x0,0x0,0x0,0x0,0x3,0x0,0x0,0x0,,
0xFD Enemy (Arena),0x267,0x0,0xfd,0x41,0x0,0x0,NoAffinity,0x0,0,0,0,0,0,0,0,0,0,NoRank,NoRank,NoRank,NoRank,NoRank,NoRank,NoRank,NoRank,0,0,0,0,0,0,0,0x0,0x0,0x0,0x0,0x0,0x0,0x0,0x0,0x0,0x0,0x0,,
0xFE Wall,0x268,0x0,0xfe,0x41,0x0,0x0,NoAffinity,0x0,0,0,0,0,0,0,0,0,0,NoRank,NoRank,NoRank,NoRank,NoRank,NoRank,NoRank,NoRank,0,0,0,0,0,0,0,0x0,0x0,0x0,0x0,0x0,0x0,0x0,0x0,0x0,0x0,0x0,,
0xFF Snag,0x269,0x0,0xff,0x41,0x0,0x0,NoAffinity,0x0,0,0,0,0,0,0,0,0,0,NoRank,NoRank,NoRank,NoRank,NoRank,NoRank,NoRank,NoRank,0,0,0,0,0,0,0,0x0,0x0,0x0,0x0,0x0,0x0,0x0,0x0,0x0,0x0,0x0,,
