0x807110,Name,Description,ID,Menu Class,Standing Anim,why,Generic Mug,Sort,HP,Atk,Skl,Spd,Def,Res,Con,Mov,HP Cap,Atk Cap,Skl Cap,Spd Cap,Def Cap,Res Cap,Con Cap,Class Power,HP Growth,Atk Growth,Skl Growth,Spd Growth,Def Growth,Res Growth,Luck Growth,N/A,N/A,N/A,N/A,N/A,N/A,CharClassAbility,Sword,Lance,Axe,Bow,Staff,Anima,Light,Dark,Battle Anims,Move Costs,Rain Move Costs,Snow Move Costs,Avo Bonus,Def Bonus,Res Bonus,Class Type,,
None,0x0,0x0,0x0,0x0,0x0,0x0,0x0,0x0,0,0,0,0,0,0,0,0,0,0,0,0,0,0,0,0,0,0,0,0,0,37,0,37,0,0,65,0,0,0x1000002,NoRank,NoRank,NoRank,NoRank,NoRank,NoRank,NoRank,NoRank,0x1f,0x0,0x231e143c,0x190f0f,0x0,0x0,0x0,0x0,,
Zeke,_ZekeLord,Desc_ZekeLord,0x1,0x3,0x0,0x0,0x8b,0x1,21,6,7,6,5,2,8,6,80,22,23,23,20,18,25,3,95,90,65,70,15,15,40,0,0,0,0,0,0,UnlockEphraim,NoRank,CRank,NoRank,DRank,NoRank,NoRank,NoRank,NoRank,ZekeAnims|IsPointer,LordMovement,LordMovement,LordMovement,0x880c479,0x880c4ba,0x880c4fb,0,,
Blair,_BlairLord,Desc_BlairLord,0x2,0x4,0x1,0x0,0x8b,0x1,19,0,6,5,1,5,5,5,80,16,22,20,16,21,25,3,85,15,70,60,10,20,50,0,0,0,0,0,0,IsLord|UnlockEirika,NoRank,NoRank,NoRank,NoRank,NoRank,CRank,NoRank,NoRank,BlairAnims|IsPointer,BlairMovement,BlairMovement,BlairMovement,0x880c479,0x880c4ba,0x880c4fb,0,,
ZekeX,_ZekeLordX,Desc_ZekeLordX,0x3,0x1,0x2,0x0,LncPalCard,0x1,26,10,11,10,9,5,10,8,80,34,35,34,32,27,25,3,95,90,65,70,15,15,40,0,0,0,0,0,0,IsPromoted|UnlockEphraim|MountedAid|HasCanto|HorseIcon,CRank,BRank,CRank,CRank,NoRank,NoRank,NoRank,NoRank,ZekeDxAnims|IsPointer,PalMovement,PalMovement,PalMovement,0x880c479,0x880c4ba,0x880c4fb,HorseType,,
BlairX,_BlairLordX,Desc_BlairLordX,0x4,0x2,0x3,0x0,SageFCard,0x1,24,7,10,9,6,10,8,6,80,25,34,32,27,32,25,3,85,15,70,60,10,20,50,0,0,0,0,0,0,IsPromoted|UnlockEirika|IsLord,CRank,NoRank,NoRank,NoRank,CRank,BRank,CRank,CRank,BlairDxAnims|IsPointer,BlairMovement,BlairMovement,BlairMovement,0x880c479,0x880c4ba,0x880c4fb,StaffType,,
Sword Cav.,_SwdCav,Desc_SwdCav,0x5,0x7,SwdCavStAnims,0x0,SwdCavCard,0xd,20,6,7,7,5,3,9,7,80,18,22,21,17,21,25,3,90,43,53,32,17,18,10,0,0,0,0,0,0,MountedAid|HasCanto|HorseIcon,DRank,NoRank,NoRank,NoRank,NoRank,NoRank,NoRank,NoRank,CavMAnims|IsPointer,CavMovement,CavMovement,CavMovement,0x880c479,0x880c4ba,0x880c4fb,HorseType,,
Lance Cav.,_LncCav,Desc_LncCav,0x6,0x8,LncCavStAnims,0x0,LncCavCard,0xd,21,7,6,6,6,2,9,7,80,20,19,19,18,18,25,3,93,46,47,27,18,14,12,0,0,0,0,0,0,MountedAid|HasCanto|HorseIcon,NoRank,DRank,NoRank,NoRank,NoRank,NoRank,NoRank,NoRank,CavMAnims|IsPointer,CavMovement,CavMovement,CavMovement,0x880c479,0x880c4ba,0x880c4fb,HorseType,,
Sword Pal.,_SwdPal,Desc_SwdPal,0x7,0x5,SwdPalStAnims,0x0,SwdPalCard,0xd,26,10,11,11,7,8,11,8,80,29,34,32,26,30,25,3,90,43,53,32,13,14,10,0,0,0,0,0,0,MountedAid|HasCanto|HorseIcon|IsPromoted,CRank,DRank,NoRank,NoRank,NoRank,NoRank,NoRank,NoRank,PalMAnims|IsPointer,PalMovement,PalMovement,PalMovement,0x880c479,0x880c4ba,0x880c4fb,HorseType,,
Lance Pal.,_LncPal,Desc_LncPal,0x8,0x6,LncPalStAnims,0x0,LncPalCard,0xd,27,11,10,10,9,5,11,8,80,31,32,30,28,28,25,3,93,46,47,27,14,10,12,0,0,0,0,0,0,MountedAid|HasCanto|HorseIcon|IsPromoted,NoRank,CRank,DRank,NoRank,NoRank,NoRank,NoRank,NoRank,PalMAnims|IsPointer,PalMovement,PalMovement,PalMovement,0x880c479,0x880c4ba,0x880c4fb,HorseType,,
Sword Armor,_SwdArm,Desc_SwdArm,0x9,0xb,0x6,0x1,SwdArmCard,0xe,23,7,7,4,10,5,11,5,80,22,23,18,23,18,25,3,102,51,54,27,24,27,9,0,0,0,0,0,0,0x0,DRank,NoRank,NoRank,NoRank,NoRank,NoRank,NoRank,NoRank,KnightAnims|IsPointer,ArmorMovement,ArmorMovement,ArmorMovement,0x880c479,0x880c4ba,0x880c4fb,ArmorType,,
Lance Armor,_LncArm,Desc_LncArm,0xa,0xc,0x6d,0x1,LncArmCard,0xe,22,8,5,3,11,4,12,5,80,23,21,17,23,19,25,3,97,53,52,23,28,21,9,0,0,0,0,0,0,0x0,NoRank,DRank,NoRank,NoRank,NoRank,NoRank,NoRank,NoRank,KnightAnims|IsPointer,ArmorMovement,ArmorMovement,ArmorMovement,0x880c479,0x880c4ba,0x880c4fb,ArmorType,,
Sword Gen.,_SwdGen,Desc_SwdGen,0xb,0x9,0x7,0x1,SwdGenCard,0xe,30,12,13,7,15,8,13,5,80,34,35,28,33,30,25,3,102,51,54,27,16,18,9,0,0,0,0,0,0,IsPromoted,CRank,NoRank,DRank,DRank,NoRank,NoRank,NoRank,NoRank,GeneralAnims|IsPointer,ArmorMovement,ArmorMovement,ArmorMovement,0x880c479,0x880c4ba,0x880c4fb,ArmorType,,
Lance Gen.,_LncGen,Desc_LncGen,0xc,0xa,0x77,0x1,LncGenCard,0xe,30,13,11,6,16,6,15,5,80,35,33,27,35,27,25,3,97,53,52,23,20,12,9,0,0,0,0,0,0,IsPromoted,DRank,CRank,NoRank,DRank,NoRank,NoRank,NoRank,NoRank,GeneralAnims|IsPointer,ArmorMovement,ArmorMovement,ArmorMovement,0x880c479,0x880c4ba,0x880c4fb,ArmorType,,
Thief,_Thief,Desc_Thief,0xd,0x17,0x8,0x0,ThiefMCard,0x4,18,4,10,12,3,0,6,6,80,16,24,24,16,16,25,2,34,8,76,81,2,12,12,0,0,0,0,0,0,Steal|CanUseLockpick,ERank,NoRank,NoRank,NoRank,NoRank,NoRank,NoRank,NoRank,ThiefMAnims|IsPointer,ThiefMovement,ThiefMovement,ThiefMovement,0x880c479,0x880c4ba,0x880c4fb,0,,
Thief F,_Thief,Desc_ThiefF,0xe,0x18,0x18,0x0,ThiefFCard,0x4,17,3,11,13,2,1,5,6,80,16,24,24,16,16,25,2,28,5,96,102,1,18,16,0,0,0,0,0,0,Steal|CanUseLockpick,ERank,NoRank,NoRank,NoRank,NoRank,NoRank,NoRank,NoRank,ThiefFAnims|IsPointer,ThiefMovement,ThiefMovement,ThiefMovement,0x880c479,0x880c4ba,0x880c4fb,0,,
Mercenary,_Merc,Desc_Merc,0xf,0x11,0xa,0x0,MercMCard,0x2,21,6,9,8,5,1,9,5,80,21,22,22,19,18,25,3,97,47,52,46,15,12,14,0,0,0,0,0,0,0x0,DRank,NoRank,NoRank,NoRank,NoRank,NoRank,NoRank,NoRank,MercMAnims|IsPointer,InfantryMovement,InfantryMovement,InfantryMovement,0x880c479,0x880c4ba,0x880c4fb,0,,
Mercenary (F),_Merc,Desc_MercF,0x10,0x12,0xb,0x0,MercFCard,0x2,20,5,10,9,4,3,8,5,80,20,23,23,17,19,25,3,91,42,58,51,12,15,15,0,0,0,0,0,0,0x0,DRank,NoRank,NoRank,NoRank,NoRank,NoRank,NoRank,NoRank,MercFAnims|IsPointer,InfantryMovement,InfantryMovement,InfantryMovement,0x880c479,0x880c4ba,0x880c4fb,0,,
Hero,_Hero,Desc_Hero,0x11,0xf,0xc,0x0,HeroMCard,0x2,26,10,13,12,9,4,11,6,80,33,34,32,29,27,25,3,97,47,52,46,10,9,14,0,0,0,0,0,0,IsPromoted,CRank,NoRank,DRank,NoRank,NoRank,NoRank,NoRank,NoRank,HeroMAnims|IsPointer,LordMovement,LordMovement,LordMovement,0x880c479,0x880c4ba,0x880c4fb,0,,
Hero (F),_Hero,Desc_HeroF,0x12,0x10,0xd,0x0,HeroFCard,0x2,24,10,15,13,7,7,10,6,80,32,35,33,27,29,25,3,91,42,58,51,9,10,15,0,0,0,0,0,0,IsPromoted,CRank,NoRank,DRank,NoRank,NoRank,NoRank,NoRank,NoRank,HeroFAnims|IsPointer,LordMovement,LordMovement,LordMovement,0x880c479,0x880c4ba,0x880c4fb,0,,
Myrmidon,_Myrm,Desc_Myrm,0x13,0x15,0xe,0x0,MyrmMCard,0x3,21,5,12,11,4,6,7,5,80,18,24,24,18,21,25,3,75,38,76,68,4,31,14,0,0,0,0,0,0,SwordmasterUnlock,DRank,NoRank,NoRank,NoRank,NoRank,NoRank,NoRank,NoRank,MyrmMAnims|IsPointer,InfantryMovement,InfantryMovement,InfantryMovement,0x880c479,0x880c4ba,0x880c4fb,0,,
Myrmidon (F),_Myrm,Desc_MyrmF,0x14,0x16,0xf,0x0,MyrmFCard,0x3,19,5,13,12,2,7,6,5,80,17,24,24,16,24,25,3,64,37,89,75,2,34,19,0,0,0,0,0,0,SwordmasterUnlock,DRank,NoRank,NoRank,NoRank,NoRank,NoRank,NoRank,NoRank,MyrmFAnims|IsPointer,InfantryMovement,InfantryMovement,InfantryMovement,0x880c479,0x880c4ba,0x880c4fb,0,,
Swordmaster,_Sword,Desc_Sword,0x15,0x13,0x10,0x0,SwordmasterMCard,0x3,24,9,18,17,6,11,9,6,80,30,35,36,26,32,25,3,75,38,76,68,2,26,14,0,0,0,0,0,0,SwordmasterUnlock|IsPromoted|CritBoost,CRank,NoRank,NoRank,NoRank,NoRank,NoRank,NoRank,NoRank,SwordmasterMAnims|IsPointer,LordMovement,LordMovement,LordMovement,0x880c479,0x880c4ba,0x880c4fb,0,,
Swordmaster (F),_Sword,Desc_SwordF,0x16,0x14,0x11,0x0,SwordmasterFCard,0x3,23,8,20,19,4,12,8,6,80,29,36,36,25,34,25,3,64,37,89,75,1,28,19,0,0,0,0,0,0,SwordmasterUnlock|IsPromoted|CritBoost,CRank,NoRank,NoRank,NoRank,NoRank,NoRank,NoRank,NoRank,SwordmasterFAnims|IsPointer,LordMovement,LordMovement,LordMovement,0x880c479,0x880c4ba,0x880c4fb,0,,
Assassin,_Assass,Desc_Assass,0x17,0xd,0x12,0x0,AssassMCard,0x4,23,8,12,15,6,3,10,7,80,29,36,35,29,24,25,3,59,34,89,79,2,10,6,0,0,0,0,0,0,CanUseLockpick|IsPromoted|SwordmasterUnlock|Lethality,CRank,NoRank,NoRank,DRank,NoRank,NoRank,NoRank,NoRank,AssassMAnims|IsPointer,ThiefMovement,ThiefMovement,ThiefMovement,0x880c479,0x880c4ba,0x880c4fb,0,,
Assassin (F),_Assass,Desc_AssassF,0x18,0xe,0x13,0x0,AssassFCard,0x4,22,6,14,16,6,4,9,7,80,28,36,35,28,25,25,3,47,27,96,99,3,8,9,0,0,0,0,0,0,CanUseLockpick|IsPromoted|SwordmasterUnlock|Lethality,CRank,NoRank,NoRank,DRank,NoRank,NoRank,NoRank,NoRank,AssassFAnims|IsPointer,ThiefMovement,ThiefMovement,ThiefMovement,0x880c479,0x880c4ba,0x880c4fb,0,,
Archer,_Archer,Desc_Archer,0x19,0x1b,0x14,0x0,ArcherMCard,0x8,21,6,9,6,5,1,8,5,80,19,24,20,18,17,25,3,85,43,54,36,17,12,17,0,0,0,0,0,0,0x0,NoRank,NoRank,NoRank,DRank,NoRank,NoRank,NoRank,NoRank,ArcherMAnims|IsPointer,InfantryMovement,InfantryMovement,InfantryMovement,0x880c479,0x880c4ba,0x880c4fb,0,,
Archer (F),_Archer,Desc_ArcherF,0x1a,0x1c,0x15,0x0,ArcherFCard,0x8,20,5,10,7,4,1,6,5,80,18,24,21,16,19,25,3,82,39,66,43,14,18,17,0,0,0,0,0,0,0x0,NoRank,NoRank,NoRank,DRank,NoRank,NoRank,NoRank,NoRank,ArcherFAnims|IsPointer,InfantryMovement,InfantryMovement,InfantryMovement,0x880c479,0x880c4ba,0x880c4fb,0,,
Sniper,_Sniper,Desc_Sniper,0x1b,0x19,0x16,0x0,SniperMCard,0x8,26,10,15,11,8,4,9,6,80,31,36,32,30,27,25,3,85,43,54,36,14,10,17,0,0,0,0,0,0,IsPromoted,NoRank,NoRank,NoRank,CRank,NoRank,NoRank,NoRank,NoRank,SniperMAnims|IsPointer,LordMovement,LordMovement,LordMovement,0x880c479,0x880c4ba,0x880c4fb,0,,
Sniper (F),_Sniper,Desc_SniperF,0x1c,0x1a,0x17,0x0,SniperFCard,0x8,25,9,16,11,6,6,8,6,80,30,36,33,28,31,25,3,82,39,66,44,10,14,17,0,0,0,0,0,0,IsPromoted,NoRank,NoRank,NoRank,CRank,NoRank,NoRank,NoRank,NoRank,SniperFAnims|IsPointer,LordMovement,LordMovement,LordMovement,0x880c479,0x880c4ba,0x880c4fb,0,,
Horse,_HorseClass,Desc_HorseClass,0x1d,0x19,0x2f,0x0,HorseCard,0xc,10,0,0,0,0,0,25,8,80,30,30,30,30,30,25,3,0,0,0,0,0,0,0,0,0,0,0,0,0,HorseIcon|IsPromoted|MountedAid|HasCanto,NoRank,NoRank,NoRank,NoRank,NoRank,NoRank,NoRank,NoRank,0x0,PalMovement,PalMovement,PalMovement,0x880c479,0x880c4ba,0x880c4fb,HorseType,,
Sword,HoratioSwordName,Desc_SwordSummon,0x1e,0x1a,0x56,0x0,SwordCard,0xc,1,36,36,36,0,0,10,6,1,36,36,36,0,0,25,9,0,60,60,60,0,0,60,0,0,0,0,0,0,0x0,SRank,NoRank,NoRank,NoRank,NoRank,NoRank,NoRank,NoRank,HoratioSwordAnims|IsPointer,FlierMovement,FlierMovement,FlierMovement,0x880c53c,0x880c57d,0x880c5be,SwordType,,
Lnc Wyv,_LncWyv,Desc_LncWyv,0x1f,0x21,0x19,0x0,0x88,0x11,21,7,6,6,7,2,10,7,80,22,21,17,22,17,25,3,86,49,45,34,21,15,9,0,0,0,0,0,0,MountedAid|HasCanto|DragonIcon,NoRank,DRank,NoRank,NoRank,NoRank,NoRank,NoRank,NoRank,WyvernAnims|IsPointer,FlierMovement,FlierMovement,FlierMovement,0x880c53c,0x880c57d,0x880c5be,DragonType|FlierType,,
Axe Wyv,_AxeWyv,Desc_AxeWyv,0x20,0x22,0x1a,0x0,AxeWyvCard,0x11,22,8,5,5,8,1,11,7,80,23,19,16,23,16,25,3,97,56,31,28,28,9,6,0,0,0,0,0,0,MountedAid|HasCanto|DragonIcon,NoRank,NoRank,DRank,NoRank,NoRank,NoRank,NoRank,NoRank,WyvernAnims|IsPointer,FlierMovement,FlierMovement,FlierMovement,0x880c53c,0x880c57d,0x880c5be,DragonType|FlierType,,
Wyv Lord,_WyvLord,Desc_WyvLord,0x21,0x1f,0x1b,0x0,WyvLordCard,0x11,26,11,10,8,10,4,12,8,80,34,34,28,34,26,25,3,91,52,38,32,18,7,8,0,0,0,0,0,0,MountedAid|HasCanto|DragonIcon|IsPromoted,NoRank,CRank,CRank,NoRank,NoRank,NoRank,NoRank,NoRank,WyvLordAnims|IsPointer,FlierMovement,FlierMovement,FlierMovement,0x880c53c,0x880c57d,0x880c5be,DragonType|FlierType,,
Bow Wyv,_BowWyv,Desc_BowWyv,0x22,0x20,0x1c,0x0,0x8b,0x11,24,10,13,11,10,7,10,8,80,32,36,30,31,31,25,3,75,40,30,20,20,17,10,0,0,0,0,0,0,MountedAid|HasCanto|DragonIcon|IsPromoted,NoRank,NoRank,NoRank,CRank,DRank,NoRank,NoRank,NoRank,WyvLordAnims|IsPointer,FlierMovement,FlierMovement,FlierMovement,0x880c53c,0x880c57d,0x880c5be,DragonType|FlierType,,
Dracopope,_Draco,Desc_Draco,0x23,0x1f,0x1d,0x0,0x8b,0x11,25,8,13,12,7,11,8,8,80,26,36,35,30,36,25,3,91,52,38,32,12,17,15,0,0,0,0,0,0,MountedAid|HasCanto|DragonIcon|IsPromoted,NoRank,NoRank,CRank,NoRank,CRank,NoRank,DRank,NoRank,DracopopeAnims|IsPointer,FlierMovement,FlierMovement,FlierMovement,0x880c53c,0x880c57d,0x880c5be,DragonType|FlierType|StaffType,,
Baron (Kenneth),_Baron,Desc_Baron,0x24,0x20,0x63,0x0,0xaf,0x13,30,12,10,8,12,10,12,5,80,36,34,32,36,36,25,6,95,50,50,30,25,25,10,0,0,0,0,0,0,IsPromoted,CRank,CRank,CRank,CRank,CRank,CRank,CRank,CRank,BaronAnims|IsPointer,ArmorMovement,ArmorMovement,ArmorMovement,0x880c479,0x880c4ba,0x880c4fb,ArmorType,,
Mage,_Mage,Desc_Mage,0x25,0x27,0x1e,0x0,MageMCard,0x9,19,0,6,6,2,4,6,5,80,16,21,20,19,21,25,3,76,3,46,35,11,28,10,0,0,0,0,0,0,0x0,NoRank,NoRank,NoRank,NoRank,NoRank,DRank,NoRank,NoRank,MageMAnims|IsPointer,MageMovement,MageMovement,MageMovement,0x880c479,0x880c4ba,0x880c4fb,0,,
Mage (F),_Mage,Desc_MageF,0x26,0x28,0x1f,0x0,MageFCard,0x9,18,0,7,7,1,5,4,5,80,16,22,21,16,23,25,3,61,1,56,42,6,34,16,0,0,0,0,0,0,0x0,NoRank,NoRank,NoRank,NoRank,NoRank,DRank,NoRank,NoRank,MageFAnims|IsPointer,MageMovement,MageMovement,MageMovement,0x880c479,0x880c4ba,0x880c4fb,0,,
Sage,_Sage,Desc_Sage,0x27,0x25,0x20,0x0,SageMCard,0x9,23,0,10,10,5,6,8,6,80,24,35,31,28,30,25,3,76,3,46,35,8,20,10,0,0,0,0,0,0,IsPromoted,NoRank,NoRank,NoRank,NoRank,DRank,CRank,NoRank,NoRank,SageMAnims|IsPointer,MageMovement,MageMovement,MageMovement,0x880c479,0x880c4ba,0x880c4fb,StaffType,,
Sage (F),_Sage,Desc_SageF,0x28,0x26,0x21,0x0,SageFCard,0x9,22,0,11,11,4,8,6,6,80,24,32,33,24,32,25,3,61,1,56,42,3,27,16,0,0,0,0,0,0,IsPromoted,NoRank,NoRank,NoRank,NoRank,DRank,CRank,NoRank,NoRank,SageFAnims|IsPointer,MageMovement,MageMovement,MageMovement,0x880c479,0x880c4ba,0x880c4fb,StaffType,,
Mage Knight,_Valkyrie,Desc_Valkyrie,0x29,Troub,0x22,0x0,ValkMCard,0xf,24,6,9,10,8,8,9,8,80,27,30,29,29,29,25,3,78,65,48,55,9,20,20,0,0,0,0,0,0,HorseIcon|IsPromoted|MountedAid|HasCanto,DRank,NoRank,NoRank,NoRank,CRank,NoRank,NoRank,NoRank,ValkMAnims|IsPointer,PalMovement,PalMovement,PalMovement,0x880c479,0x880c4ba,0x880c4fb,HorseType|StaffType,,
Mage Knight (F),_Valkyrie,Desc_ValkyrieF,0x2a,TroubF,0x23,0x0,ValkFCard,0xf,23,5,12,11,5,10,7,8,80,26,31,30,25,30,25,3,69,57,54,60,6,22,20,0,0,0,0,0,0,HorseIcon|IsPromoted|MountedAid|HasCanto,DRank,NoRank,NoRank,NoRank,CRank,NoRank,NoRank,NoRank,ValkFAnims|IsPointer,PalMovement,PalMovement,PalMovement,0x880c479,0x880c4ba,0x880c4fb,HorseType|StaffType,,
Bishop,_Bishop,Desc_Bishop,0x2b,0x45,0x24,0x0,BishopMCard,0xa,24,0,12,11,4,11,8,6,80,24,36,35,27,36,25,3,62,4,58,39,6,24,25,0,0,0,0,0,0,IsPromoted,NoRank,NoRank,NoRank,NoRank,CRank,NoRank,DRank,NoRank,BishopMAnims|IsPointer,MageMovement,MageMovement,MageMovement,0x880c479,0x880c4ba,0x880c4fb,StaffType,,
Bishop (F),_Bishop,Desc_BishopF,0x2c,0x4a,0x25,0x0,BishopFCard,0xa,23,0,13,11,3,12,6,6,80,24,35,34,25,36,25,3,51,4,65,44,4,29,25,0,0,0,0,0,0,IsPromoted,NoRank,NoRank,NoRank,NoRank,CRank,NoRank,DRank,NoRank,BishopFAnims|IsPointer,MageMovement,MageMovement,MageMovement,0x880c479,0x880c4ba,0x880c4fb,StaffType,,
Dark Mage,_DarkM,Desc_DarkM,0x2d,0x2f,0x26,0x1,DarkMCard,0xb,22,1,5,4,6,5,7,5,80,16,18,17,22,21,25,3,91,15,46,27,22,24,7,0,0,0,0,0,0,0x0,NoRank,NoRank,NoRank,NoRank,NoRank,NoRank,NoRank,DRank,DarkMAnims|IsPointer,MageMovement,MageMovement,MageMovement,0x880c479,0x880c4ba,0x880c4fb,0,,
Dark Mage F,_DarkM,Desc_DarkMF,0x2e,0x30,0x7A,0x1,DarkFCard,0xb,20,0,6,5,3,7,5,5,80,16,20,19,20,23,25,3,78,12,55,40,17,31,14,0,0,0,0,0,0,0x0,NoRank,NoRank,NoRank,NoRank,NoRank,NoRank,NoRank,DRank,DarkFAnims|IsPointer,MageMovement,MageMovement,MageMovement,0x880c479,0x880c4ba,0x880c4fb,0,,
Sorc,_Sorc,Desc_Sorc,0x2f,0x2d,0x27,0x1,SorcMCard,0xb,26,2,9,8,10,7,9,6,80,24,29,28,33,31,25,3,91,15,46,27,18,13,7,0,0,0,0,0,0,IsPromoted,NoRank,NoRank,NoRank,NoRank,DRank,NoRank,NoRank,CRank,SorcMAnims|IsPointer,MageMovement,MageMovement,MageMovement,0x880c479,0x880c4ba,0x880c4fb,StaffType,,
Sorc F,_Sorc,Desc_SorcF,0x30,0x2e,0x29,0x1,SorcFCard,0xb,24,1,10,10,7,10,7,6,80,24,28,29,30,34,25,3,78,12,55,40,8,23,14,0,0,0,0,0,0,IsPromoted,NoRank,NoRank,NoRank,NoRank,DRank,NoRank,NoRank,CRank,SorcFAnims|IsPointer,MageMovement,MageMovement,MageMovement,0x880c479,0x880c4ba,0x880c4fb,StaffType,,
Myrmidon (Mag),_Myrm,Desc_Myrm,0x31,0x15,0x28,0x0,MyrmMCard,0xc,21,5,12,11,4,6,7,5,80,18,24,24,18,21,25,3,64,37,89,75,2,34,62,0,0,0,0,0,0,SwordmasterUnlock,DRank,NoRank,NoRank,NoRank,NoRank,NoRank,NoRank,NoRank,RuneMyrmAnims|IsPointer,InfantryMovement,InfantryMovement,InfantryMovement,0x880c479,0x880c4ba,0x880c4fb,0,,
Runeblade,_RuneMast,Desc_RuneMast,0x32,0x13,0x2A,0x0,SwordmasterMCard,0xc,24,7,19,16,5,13,9,6,80,26,36,35,26,33,25,3,75,38,76,68,2,15,54,0,0,0,0,0,0,SwordmasterUnlock|IsPromoted|CritBoost,CRank,NoRank,NoRank,NoRank,NoRank,DRank,DRank,DRank,RunemasterAnims|IsPointer,LordMovement,LordMovement,LordMovement,0x880c479,0x880c4ba,0x880c4fb,0,,
Mage Knight (F) (special),_ArinValk,Desc_ArinValk,0x33,Trickster,0x65,0x0,ValkFCard,0x1,23,8,10,10,7,10,7,8,80,27,36,35,27,36,25,1,69,57,54,60,6,22,54,0,0,0,0,0,0,HorseIcon|MountedAid|HasCanto|Steal|CanUseLockpick,ARank,NoRank,NoRank,NoRank,ARank,ARank,NoRank,NoRank,ApexAnims|IsPointer,PalMovement,PalMovement,PalMovement,0x880c479,0x880c4ba,0x880c4fb,HorseType|StaffType,,
unused (hardcoding!),_Filler,Desc_Filler,0x34,0x0,0x9,0x0,0x0,0x0,1,0,0,0,10,10,6,0,80,30,30,30,30,30,25,3,0,0,0,0,0,0,0,0,0,0,0,0,0,0x0,NoRank,NoRank,NoRank,NoRank,NoRank,NoRank,NoRank,NoRank,0x0,0x0,0x0,0x0,0x880c479,0x880c4ba,0x880c4fb,MonsterType,,
Trickster,_Trickster,Desc_Trickster,0x35,ArinValk,0x2b,0x0,TricksterCard,0x1,18,4,2,7,3,5,7,6,80,27,36,34,24,32,25,6,80,40,90,70,10,30,40,0,0,0,0,0,0,Steal|CanUseLockpick,CRank,NoRank,NoRank,NoRank,DRank,NoRank,NoRank,NoRank,TricksterAnims|IsPointer,ThiefMovement,ThiefMovement,ThiefMovement,0x880c479,0x880c4ba,0x880c4fb,StaffType,,
Hunter,_Hunter,Desc_Hunter,0x36,0xa,0x79,0x0,HunterCard,0x8,22,5,6,5,2,4,7,5,80,26,29,30,16,21,25,3,87,61,64,31,7,16,8,0,0,0,0,0,0,0x0,NoRank,NoRank,NoRank,DRank,NoRank,NoRank,NoRank,NoRank,HunterAnims|IsPointer,InfantryMovement,InfantryMovement,InfantryMovement,0x880c479,0x880c4ba,0x880c4fb,0,,
Deserter,_Desert,Desc_Desert,0x37,0x3a,0x2c,0x0,DeserterCard,0x5,25,6,3,4,5,1,9,5,80,30,24,23,18,16,25,3,102,63,55,22,9,5,5,0,0,0,0,0,0,0x0,NoRank,DRank,NoRank,NoRank,NoRank,NoRank,NoRank,NoRank,DeserterAnims|IsPointer,InfantryMovement,InfantryMovement,InfantryMovement,0x880c479,0x880c4ba,0x880c4fb,0,,
Bruiser,_Bruiser,Desc_Bruiser,0x38,0x7e,0x2d,0x0,BruiserCard,0x2,23,5,5,6,4,2,10,5,80,28,27,28,17,18,25,3,95,52,45,28,8,12,6,0,0,0,0,0,0,0x0,DRank,NoRank,NoRank,NoRank,NoRank,NoRank,NoRank,NoRank,BruiserAnims|IsPointer,InfantryMovement,InfantryMovement,InfantryMovement,0x880c479,0x880c4ba,0x880c4fb,0,,
Sword Cav. F,_SwdCav,Desc_SwdCavF,0x39,0x7,SwdCavStAnims,0x0,SwdCavFCard,0xd,20,6,8,7,4,4,8,7,80,17,23,22,16,21,25,3,82,38,59,38,14,23,14,0,0,0,0,0,0,MountedAid|HasCanto|HorseIcon,DRank,NoRank,NoRank,NoRank,NoRank,NoRank,NoRank,NoRank,CavFAnims|IsPointer,CavMovement,CavMovement,CavMovement,0x880c479,0x880c4ba,0x880c4fb,HorseType,,
Lance Cav. F,_LncCav,Desc_LncCavF,0x3a,0x8,LncCavStAnims,0x0,LncCavFCard,0xd,21,7,7,6,5,3,8,7,80,19,21,20,17,18,25,3,87,41,54,31,17,16,13,0,0,0,0,0,0,MountedAid|HasCanto|HorseIcon,NoRank,DRank,NoRank,NoRank,NoRank,NoRank,NoRank,NoRank,CavFAnims|IsPointer,CavMovement,CavMovement,CavMovement,0x880c479,0x880c4ba,0x880c4fb,HorseType,,
Sword Pal. F,_SwdPal,Desc_SwdPalF,0x3b,0x5,SwdPalStAnims,0x0,SwdPalFCard,0xd,24,9,12,11,7,8,10,8,80,28,35,33,25,31,25,3,82,38,59,38,10,14,14,0,0,0,0,0,0,MountedAid|HasCanto|HorseIcon|IsPromoted,CRank,NoRank,NoRank,DRank,NoRank,NoRank,NoRank,NoRank,PalFAnims|IsPointer,PalMovement,PalMovement,PalMovement,0x880c479,0x880c4ba,0x880c4fb,HorseType,,
Lance Pal. F,_LncPal,Desc_LncPal,0x3c,0x6,LncPalStAnims,0x0,LncPalFCard,0xd,26,10,11,10,8,5,10,8,80,30,32,31,27,29,25,3,87,41,54,31,14,10,13,0,0,0,0,0,0,MountedAid|HasCanto|HorseIcon|IsPromoted,NoRank,CRank,DRank,NoRank,NoRank,NoRank,NoRank,NoRank,PalFAnims|IsPointer,PalMovement,PalMovement,PalMovement,0x880c479,0x880c4ba,0x880c4fb,HorseType,,
Automaton,_Automaton,Desc_Automaton,0x3d,0x0,0x53,0x0,0x8b,0x1,10,0,0,0,0,0,10,10,80,10,10,10,30,30,25,1,85,55,40,32,18,20,40,0,0,0,0,0,0,UseBallista|Summoning,NoRank,NoRank,NoRank,NoRank,NoRank,NoRank,NoRank,NoRank,0x0,InfantryMovement,InfantryMovement,InfantryMovement,0x880c479,0x880c4ba,0x880c4fb,0x0,,
Virdian,_ViridLord,Desc_ViridLord,0x3e,0x19,0x2e,0x0,SniperMCard,0x1,23,7,13,12,7,11,9,6,80,28,34,35,28,36,25,3,90,50,70,120,15,25,35,0,0,0,0,0,0,IsPromoted,NoRank,NoRank,NoRank,BRank,CRank,NoRank,NoRank,NoRank,ViridianAnims|IsPointer,LordMovement,LordMovement,LordMovement,0x880c479,0x880c4ba,0x880c4fb,StaffType,,
Fighter,_Fighter,Desc_Fighter,0x3f,0x40,0x31,0x0,FighterMCard,0x6,24,9,5,4,3,0,11,5,80,24,21,18,17,16,25,3,100,67,35,31,18,12,9,0,0,0,0,0,0,0x0,NoRank,NoRank,DRank,NoRank,NoRank,NoRank,NoRank,NoRank,FighterMAnims|IsPointer,InfantryMovement,InfantryMovement,InfantryMovement,0x880c479,0x880c4ba,0x880c4fb,0,,
Warrior,_Warrior,Desc_Warrior,0x40,0x3f,0x32,0x0,WarriorMCard,0x6,31,14,8,8,7,0,13,6,80,36,32,29,28,24,25,3,100,67,35,31,14,8,9,0,0,0,0,0,0,IsPromoted,NoRank,NoRank,CRank,DRank,NoRank,NoRank,NoRank,NoRank,WarriorMAnims|IsPointer,InfantryMovement,InfantryMovement,InfantryMovement,0x880c479,0x880c4ba,0x880c4fb,0,,
Brigand,_Brigand,Desc_Brigand,0x41,0x43,0x33,0x0,0x8b,0x7,24,6,1,5,3,0,12,5,80,30,21,26,16,16,25,3,101,66,36,26,12,5,3,0,0,0,0,0,0,0x0,NoRank,NoRank,DRank,NoRank,NoRank,NoRank,NoRank,NoRank,BrigandAnims|IsPointer,BrigandMovement,BrigandMovement,BrigandMovement,0x880c479,0x880c4ba,0x880c4fb,0,,
Pirate,_Pirate,Desc_Pirate,0x42,0x43,0x34,0x0,0x8c,0x7,23,7,6,7,4,0,10,5,80,23,17,22,17,16,25,3,103,56,41,38,13,16,10,0,0,0,0,0,0,0x0,NoRank,NoRank,DRank,NoRank,NoRank,NoRank,NoRank,NoRank,PirateMAnims|IsPointer,BrigandMovement,BrigandMovement,BrigandMovement,0x880c479,0x880c4ba,0x880c4fb,0,,
Berserker,_Berserk,Desc_Berserk,0x43,0x42,0x35,0x0,0x8d,0x7,29,13,10,11,6,0,13,6,80,36,29,32,24,24,25,3,103,56,41,38,9,8,10,0,0,0,0,0,0,IsPromoted|CritBoost,NoRank,NoRank,CRank,NoRank,NoRank,NoRank,NoRank,NoRank,BerserkerMAnims|IsPointer,BrigandMovement,BrigandMovement,BrigandMovement,0x880c479,0x880c4ba,0x880c4fb,0,,
Light Mage,_LightM,Desc_LightM,0x44,0x0,0x36,0x0,LightMCard,0xa,18,0,8,7,1,6,6,5,80,16,22,19,17,23,25,3,61,4,59,46,9,18,20,0,0,0,0,0,0,0x0,NoRank,NoRank,NoRank,NoRank,NoRank,NoRank,ERank,NoRank,LightMAnims|IsPointer,MageMovement,MageMovement,MageMovement,0x880c479,0x880c4ba,0x880c4fb,0,,
Priest,_Priest,Desc_Priest,0x45,0x27,0x37,0x0,PriestCard,0xa,18,0,6,6,1,7,5,5,80,16,17,18,16,24,25,3,51,4,65,57,9,23,21,0,0,0,0,0,0,0x0,NoRank,NoRank,NoRank,NoRank,DRank,NoRank,NoRank,NoRank,PriestAnims|IsPointer,MageMovement,MageMovement,MageMovement,0x880c479,0x880c4ba,0x880c4fb,0,,
Bard,_Bard,Desc_Bard,0x46,0x0,0x38,0x0,0x8b,0x1,14,1,2,7,1,0,6,6,80,24,24,32,27,32,25,3,45,45,30,60,0,13,70,0,0,0,0,0,0,CanDance,NoRank,NoRank,NoRank,NoRank,NoRank,NoRank,NoRank,NoRank,BardMAnims|IsPointer,LordMovement,LordMovement,LordMovement,0x880c479,0x880c4ba,0x880c4fb,0x0,,
Sword Peg.,_SwdPeg,Desc_SwdPeg,0x47,0x49,0x78,0x0,SwdPegCard,0x10,19,5,9,9,4,6,5,7,80,17,23,24,17,23,25,3,78,39,56,53,14,36,17,0,0,0,0,0,0,MountedAid|HasCanto|PegIcon,DRank,NoRank,NoRank,NoRank,NoRank,NoRank,NoRank,NoRank,PegAnims|IsPointer,FlierMovement,FlierMovement,FlierMovement,0x880c53c,0x880c57d,0x880c5be,FlierType,,
Lance Peg.,_LncPeg,Desc_LncPeg,0x48,0x49,0x39,0x0,LncPegCard,0x10,20,6,8,8,5,5,6,7,80,18,22,24,19,21,25,3,82,46,51,46,19,32,16,0,0,0,0,0,0,MountedAid|HasCanto|PegIcon,NoRank,DRank,NoRank,NoRank,NoRank,NoRank,NoRank,NoRank,PegAnims|IsPointer,FlierMovement,FlierMovement,FlierMovement,0x880c53c,0x880c57d,0x880c5be,FlierType,,
Falcon Knight,_Falco,Desc_Falco,0x49,0x48,0x3a,0x0,FalcoCard,0x10,24,9,13,13,7,9,7,8,80,28,33,34,26,32,25,3,80,42,53,49,13,22,16,0,0,0,0,0,0,MountedAid|HasCanto|PegIcon|IsPromoted,CRank,CRank,NoRank,NoRank,NoRank,NoRank,NoRank,NoRank,FalcoAnims|IsPointer,FlierMovement,FlierMovement,FlierMovement,0x880c53c,0x880c57d,0x880c5be,FlierType,,
Cleric,_Cleric,Desc_Cleric,0x4a,0x2c,0x3b,0x0,ClericCard,0xa,18,0,9,7,1,8,4,5,80,16,21,20,16,24,25,3,51,4,65,57,9,23,22,0,0,0,0,0,0,0x0,NoRank,NoRank,NoRank,NoRank,DRank,NoRank,NoRank,NoRank,ClericAnims|IsPointer,MageMovement,MageMovement,MageMovement,0x880c479,0x880c4ba,0x880c4fb,StaffType,,
Troubadour,_Troub,Desc_TroubF,0x4b,ValkF,0x3c,0x0,0x82,0xf,18,0,8,8,2,6,5,7,80,16,21,22,17,22,25,3,69,34,54,61,13,46,25,0,0,0,0,0,0,MountedAid|HasCanto|HorseIcon,NoRank,NoRank,NoRank,NoRank,DRank,NoRank,NoRank,NoRank,TroubFAnims|IsPointer,CavMovement,CavMovement,CavMovement,0x880c479,0x880c4ba,0x880c4fb,HorseType|StaffType,,
Troubadour M,_Troub,Desc_Troub,0x4c,Valk,0x3d,0x0,TroubCard,0xf,20,0,6,7,4,4,7,7,80,16,22,20,18,20,25,3,78,29,48,56,17,39,24,0,0,0,0,0,0,MountedAid|HasCanto|HorseIcon,NoRank,NoRank,NoRank,NoRank,DRank,NoRank,NoRank,NoRank,TroubMAnims|IsPointer,CavMovement,CavMovement,CavMovement,0x880c479,0x880c4ba,0x880c4fb,HorseType|StaffType,,
Bard F,_Bard,Desc_Bard,0x4d,0x0,0x70,0x0,0x8b,0x1,14,1,2,7,0,1,4,6,80,24,24,32,27,32,25,3,45,45,30,60,0,13,70,0,0,0,0,0,0,CanDance,NoRank,NoRank,NoRank,NoRank,NoRank,NoRank,NoRank,NoRank,BardFAnims|IsPointer,LordMovement,LordMovement,LordMovement,0x880c479,0x880c4ba,0x880c4fb,0x0,,
Soldier,_Soldier,Desc_Soldier,0x4e,0x4f,0x3f,0x0,SoldierMCard,0x5,24,6,5,3,5,1,8,5,80,23,21,16,21,16,25,3,103,56,27,24,16,9,12,0,0,0,0,0,0,0x0,NoRank,DRank,NoRank,NoRank,NoRank,NoRank,NoRank,NoRank,SoldierMAnims|IsPointer,InfantryMovement,InfantryMovement,InfantryMovement,0x880c479,0x880c4ba,0x880c4fb,0,,
Halberdier,_Halberd,Desc_Halberd,0x4f,0x4e,0x40,0x0,HalberdierCard,0x5,27,10,11,9,7,3,10,6,80,35,35,32,30,28,25,3,103,56,38,31,18,5,12,0,0,0,0,0,0,IsPromoted|CritBoost,NoRank,CRank,NoRank,NoRank,NoRank,NoRank,NoRank,NoRank,HalberdierMAnims|IsPointer,InfantryMovement,InfantryMovement,InfantryMovement,0x880c479,0x880c4ba,0x880c4fb,0,,
Ballista,_Ball,Desc_Ball,0x50,0x0,0x41,0x0,BallistCard,0x0,24,6,6,3,6,2,25,3,80,30,36,10,30,30,25,3,85,47,67,2,31,21,6,0,0,0,0,0,0,0x0,NoRank,NoRank,NoRank,CRank,NoRank,NoRank,NoRank,NoRank,BallistaAnims|IsPointer,FlierMovement,FlierMovement,FlierMovement,0x880c479,0x880c4ba,0x880c4fb,0,,
Phantom,0x2f1,0x33d,0x51,0x0,0x42,0x0,0x98,0x1e,1,5,2,4,0,0,11,5,1,20,20,20,0,0,25,3,0,55,35,45,15,15,50,0,0,0,0,0,0,0x0,NoRank,NoRank,CRank,NoRank,NoRank,NoRank,NoRank,NoRank,0x0,FlierMovement,FlierMovement,FlierMovement,0x880c53c,0x880c57d,0x880c5be,0x0,,
Axe Cavalier,_AxeCav,Desc_AxeCav,0x52,0x53,AxeCavStAnims,0x0,AxeCavCard,0xd,22,7,5,5,7,1,10,7,80,22,17,17,22,16,25,3,98,51,39,22,21,10,9,0,0,0,0,0,0,MountedAid|HasCanto|HorseIcon,NoRank,NoRank,DRank,NoRank,NoRank,NoRank,NoRank,NoRank,CavMAnims|IsPointer,CavMovement,CavMovement,CavMovement,0x880c479,0x880c4ba,0x880c4fb,HorseType,,
Axe Pal.,_AxePal,Desc_AxePal,0x53,0x52,AxePalStAnims,0x0,AxePalCard,0xd,28,12,9,8,10,3,12,8,80,33,28,29,33,24,25,3,98,51,39,22,16,7,9,0,0,0,0,0,0,MountedAid|HasCanto|HorseIcon|IsPromoted,NoRank,NoRank,CRank,DRank,NoRank,NoRank,NoRank,NoRank,PalMAnims|IsPointer,PalMovement,PalMovement,PalMovement,0x880c479,0x880c4ba,0x880c4fb,HorseType,,
Bow Cavalier,_BowCav,Desc_BowCav,0x54,0x56,BowCavStAnims,0x0,BowCavCard,0xd,20,5,8,8,4,4,8,7,80,18,23,22,16,18,25,3,81,38,57,36,13,21,13,0,0,0,0,0,0,MountedAid|HasCanto|HorseIcon,NoRank,NoRank,NoRank,DRank,NoRank,NoRank,NoRank,NoRank,CavMAnims|IsPointer,CavMovement,CavMovement,CavMovement,0x880c479,0x880c4ba,0x880c4fb,HorseType,,
Axe Armor,_AxeArm,Desc_AxeArm,0x55,0x57,0x46,0x1,AxeArmCard,0xe,25,10,5,1,12,2,13,5,80,24,19,16,24,16,25,3,116,62,49,19,31,16,7,0,0,0,0,0,0,0x0,NoRank,NoRank,DRank,NoRank,NoRank,NoRank,NoRank,NoRank,KnightAnims|IsPointer,ArmorMovement,ArmorMovement,ArmorMovement,0x880c479,0x880c4ba,0x880c4fb,ArmorType,,
Bow Pal.,_BowPal,Desc_BowPal,0x56,0x54,BowPalStAnims,0x0,BowPalCard,0xd,25,10,14,13,5,10,10,8,80,28,35,34,25,31,25,3,81,38,57,36,10,15,13,0,0,0,0,0,0,MountedAid|HasCanto|HorseIcon|IsPromoted,DRank,NoRank,NoRank,CRank,NoRank,NoRank,NoRank,NoRank,RangerMAnims|IsPointer,RangerMovement,RangerMovement,RangerMovement,0x880c479,0x880c4ba,0x880c4fb,HorseType,,
Axe Gen.,_AxeGen,Desc_AxeGen,0x57,0x55,0x48,0x1,AxeGenCard,0xe,32,13,9,4,17,4,15,5,80,36,35,26,36,25,25,3,116,62,49,19,24,5,7,0,0,0,0,0,0,IsPromoted,DRank,DRank,CRank,NoRank,NoRank,NoRank,NoRank,NoRank,GeneralAnims|IsPointer,ArmorMovement,ArmorMovement,ArmorMovement,0x880c479,0x880c4ba,0x880c4fb,ArmorType,,
Bow Armor,_BowArm,Desc_BowArm,0x58,0x59,0x49,0x1,BowArmCard,0xe,21,7,8,5,9,7,10,5,80,23,24,19,21,19,25,3,96,49,65,34,21,32,13,0,0,0,0,0,0,0x0,NoRank,NoRank,NoRank,DRank,NoRank,NoRank,NoRank,NoRank,KnightAnims|IsPointer,ArmorMovement,ArmorMovement,ArmorMovement,0x880c479,0x880c4ba,0x880c4fb,ArmorType,,
Bow Gen.,_BowGen,Desc_BowGen,0x59,0x58,0x4a,0x1,BowGenCard,0xe,29,12,14,9,15,12,13,5,80,33,36,29,32,32,25,3,96,49,65,34,16,20,13,0,0,0,0,0,0,IsPromoted,NoRank,CRank,CRank,CRank,NoRank,NoRank,NoRank,NoRank,GeneralAnims|IsPointer,ArmorMovement,ArmorMovement,ArmorMovement,0x880c479,0x880c4ba,0x880c4fb,ArmorType,,
Dismounted Pal.,_Desmond,Desc_Commander,0x5a,0x9,0x4b,0x0,0x9f,0x1,21,7,7,7,5,3,11,6,80,30,32,28,28,28,25,3,103,56,38,31,18,5,25,0,0,0,0,0,0,IsPromoted,NoRank,BRank,CRank,NoRank,NoRank,NoRank,NoRank,NoRank,DesmondAnims|IsPointer,InfantryMovement,InfantryMovement,InfantryMovement,0x880c479,0x880c4ba,0x880c4fb,0x0,,
Fighter F,_Fighter,Desc_FighterF,0x5b,0x5c,0x4c,0x0,FighterFCard,0x6,23,8,6,5,3,1,11,5,80,24,22,18,17,18,25,3,100,63,41,31,16,16,10,2,2,1,0,0,1,0x0,NoRank,NoRank,DRank,NoRank,NoRank,NoRank,NoRank,NoRank,FighterFAnims|IsPointer,InfantryMovement,InfantryMovement,InfantryMovement,0x880c479,0x880c4ba,0x880c4fb,0,,
Warrior F,_Warrior,Desc_WarriorF,0x5c,0x5b,0x4d,0x0,WarriorFCard,0x6,29,13,11,10,7,1,13,6,80,35,33,30,27,26,25,3,100,63,41,31,10,10,10,0,0,0,0,0,0,IsPromoted,NoRank,NoRank,CRank,DRank,NoRank,NoRank,NoRank,NoRank,WarriorFAnims|IsPointer,InfantryMovement,InfantryMovement,InfantryMovement,0x880c479,0x880c4ba,0x880c4fb,0,,
Pirate F,_Pirate,Desc_PirateF,0x5d,0x5e,0x4e,0x0,PirateFCard,0x7,22,7,8,8,3,2,10,5,80,22,18,23,16,18,25,3,97,51,48,42,11,18,10,0,0,0,0,0,0,0x0,NoRank,NoRank,DRank,NoRank,NoRank,NoRank,NoRank,NoRank,PirateFAnims|IsPointer,BrigandMovement,BrigandMovement,BrigandMovement,0x880c479,0x880c4ba,0x880c4fb,0,,
Berserker F,_Berserk,Desc_BerserkF,0x5e,0x5d,0x4f,0x0,BerserkFCard,0x7,28,12,13,13,6,2,12,6,80,35,30,33,24,24,25,3,97,51,48,42,8,10,10,0,0,0,0,0,0,IsPromoted|CritBoost,NoRank,NoRank,CRank,NoRank,NoRank,NoRank,NoRank,NoRank,BerserkerFAnims|IsPointer,BrigandMovement,BrigandMovement,BrigandMovement,0x880c479,0x880c4ba,0x880c4fb,0,,
Mogall,_Bigle,Desc_Bigle,0x5f,Bigerle,0x50,0x0,0xa4,0x0,18,6,9,10,3,5,4,6,80,18,22,23,16,21,25,3,40,40,40,40,15,15,0,0,0,0,0,0,0,UseMonsterWeapons,NoRank,NoRank,NoRank,NoRank,NoRank,NoRank,NoRank,CRank,BigleAnims|IsPointer,FlierMovement,FlierMovement,FlierMovement,0x880c53c,0x880c57d,0x880c5be,0,,
Arch Mogall,_Bigerle,Desc_Bigerle,0x60,Bigle,0x51,0x0,0xa5,0x0,23,9,14,13,6,8,5,7,80,28,34,35,27,30,25,3,45,55,30,25,10,28,20,0,0,0,0,0,0,UseMonsterWeapons|IsPromoted,NoRank,NoRank,NoRank,NoRank,NoRank,NoRank,NoRank,ARank,BigleAnims|IsPointer,FlierMovement,FlierMovement,FlierMovement,0x880c53c,0x880c57d,0x880c5be,0,,
Crate,_Crate,Desc_Crate,0x61,0x5f,0x52,0x0,CrateCard,0x0,15,0,0,0,15,10,25,0,80,0,0,0,20,20,25,3,0,0,0,0,0,0,0,0,0,0,0,0,0,MountedAid,NoRank,NoRank,NoRank,NoRank,NoRank,NoRank,NoRank,NoRank,0x0,BrigandMovement,BrigandMovement,BrigandMovement,0x880c479,0x880c4ba,0x880c4fb,0x0,,
unused (hardcoding!),_Filler,Desc_Filler,0x62,0x0,0x0,0x0,0x0,0x0,50,0,0,0,10,10,6,0,80,30,30,30,30,30,25,3,100,0,0,0,0,0,0,0,0,0,0,0,0,0x0,NoRank,NoRank,NoRank,NoRank,NoRank,NoRank,NoRank,NoRank,0x0,0x0,0x0,0x0,0x880c479,0x880c4ba,0x880c4fb,MonsterType,,
Soldier F,_Soldier,Desc_SoldierF,0x63,0x64,0x54,0x0,SoldierFCard,0x5,22,5,7,5,5,3,7,5,80,22,23,18,18,19,25,3,99,49,33,29,14,14,12,0,0,0,0,0,0,0x0,NoRank,DRank,NoRank,NoRank,NoRank,NoRank,NoRank,NoRank,SoldierFAnims|IsPointer,InfantryMovement,InfantryMovement,InfantryMovement,0x880c479,0x880c4ba,0x880c4fb,0,,
Halberdier F,_Halberd,Desc_HalberdF,0x64,0x63,0x55,0x0,HalberdierCard,0x5,26,9,12,10,8,6,8,6,80,33,36,33,28,30,25,3,99,49,43,40,18,14,12,0,0,0,0,0,0,IsPromoted,NoRank,CRank,NoRank,NoRank,NoRank,NoRank,NoRank,NoRank,HalberdierFAnims|IsPointer,InfantryMovement,InfantryMovement,InfantryMovement,0x880c479,0x880c4ba,0x880c4fb,0,,
unused (hardcoding!),_Filler,Desc_Filler,0x65,0x1f,0x0,0x0,0x0,0x0,53,1,0,1,0,3,25,5,100,50,50,50,50,50,25,3,85,35,20,20,30,10,25,0,0,0,0,0,0,UseMonsterWeapons|IsPromoted|DragonIcon,NoRank,NoRank,NoRank,NoRank,NoRank,NoRank,NoRank,NoRank,0x88af680,0x880bb96,0x880bb96,0x880bb96,0x880c53c,0x880c57d,0x880c5be,MonsterType,,
unused (hardcoding!),_Filler,Desc_Filler,0x66,0x1f,0x0,0x0,0x0,0x0,120,23,20,18,25,25,25,2,120,50,50,50,50,50,25,5,95,40,30,20,20,20,25,0,0,0,0,0,0,UseMonsterWeapons|IsPromoted|DragonIcon,NoRank,NoRank,NoRank,NoRank,NoRank,NoRank,NoRank,NoRank,0x88af68c,0x880bbd7,0x880bbd7,0x880bbd7,0x880c479,0x880c4ba,0x880c4fb,MonsterType,,
Divine Dragon,_DivineDragon,Desc_DivineDragon,0x67,Bigle,0x58,0x0,DivineDragonCard,0x0,20,0,0,0,0,0,25,6,99,32,32,32,32,32,25,4,160,90,70,60,60,60,30,0,0,0,0,0,0,UseMonsterWeapons|IsPromoted|DragonIcon,NoRank,NoRank,NoRank,NoRank,NoRank,NoRank,NoRank,NoRank,DragonAnims|IsPointer,BrigandMovement,BrigandMovement,BrigandMovement,0x880c53c,0x880c57d,0x880c5be,DragonType,,
Earth Dragon,_EarthDragon,Desc_EarthDragon,0x68,Bigle,0x59,0x0,EarthDragonCard,0x0,20,0,0,0,0,0,25,6,99,36,32,28,36,26,25,4,190,105,55,40,90,10,5,0,0,0,0,0,0,UseMonsterWeapons|IsPromoted|DragonIcon,NoRank,NoRank,NoRank,NoRank,NoRank,NoRank,NoRank,NoRank,DragonAnims|IsPointer,BrigandMovement,BrigandMovement,BrigandMovement,0x880c53c,0x880c57d,0x880c5be,DragonType,,
Fire Dragon,_FireDragon,Desc_FireDragon,0x69,Bigle,0x5a,0x0,FireDragonCard,0x0,20,0,0,0,0,0,25,6,99,34,28,28,34,28,25,4,170,95,60,50,70,30,10,0,0,0,0,0,0,UseMonsterWeapons|IsPromoted|DragonIcon,NoRank,NoRank,NoRank,NoRank,NoRank,NoRank,NoRank,NoRank,DragonAnims|IsPointer,BrigandMovement,BrigandMovement,BrigandMovement,0x880c53c,0x880c57d,0x880c5be,DragonType,,
Ice Dragon,_IceDragon,Desc_IceDragon,0x6a,Bigle,0x5b,0x0,IceDragonCard,0x0,20,0,0,0,0,0,25,6,99,30,36,30,30,32,25,4,150,85,95,45,50,60,15,0,0,0,0,0,0,UseMonsterWeapons|IsPromoted|DragonIcon,NoRank,NoRank,NoRank,NoRank,NoRank,NoRank,NoRank,NoRank,DragonAnims|IsPointer,BrigandMovement,BrigandMovement,BrigandMovement,0x880c53c,0x880c57d,0x880c5be,DragonType,,
Demon Dragon,_DemonDragon,Desc_DemonDragon,0x6b,Bigle,0x5c,0x0,DemonDragonCard,0x0,20,0,0,0,0,0,25,6,99,24,32,30,26,36,25,4,140,20,70,45,30,200,5,0,0,0,0,0,0,UseMonsterWeapons|IsPromoted|DragonIcon,NoRank,NoRank,NoRank,NoRank,NoRank,NoRank,NoRank,NoRank,DragonAnims|IsPointer,BrigandMovement,BrigandMovement,BrigandMovement,0x880c53c,0x880c57d,0x880c5be,DragonType,,
Wyvern,_Wyvern,Desc_Wyvern,0x6c,Bigle,0x5d,0x0,WyvernCard,0x0,20,0,0,0,0,0,25,8,99,28,34,36,28,26,25,4,130,75,85,85,40,20,10,0,0,0,0,0,0,UseMonsterWeapons|IsPromoted|DragonIcon,NoRank,NoRank,NoRank,NoRank,NoRank,NoRank,NoRank,NoRank,DragonAnims|IsPointer,FlierMovement,FlierMovement,FlierMovement,0x880c53c,0x880c57d,0x880c5be,DragonType|FlierType,,
Civilian,_CivilM,Desc_CivilM,0x6d,0x0,0x5e,0x1,CivilianCard,0x1,8,1,0,0,0,0,4,5,80,19,19,19,19,19,25,3,10,0,0,0,0,10,0,0,0,0,0,0,0,0x0,ERank,NoRank,NoRank,NoRank,NoRank,NoRank,NoRank,NoRank,CivilianAnims|IsPointer,InfantryMovement,InfantryMovement,InfantryMovement,0x880c479,0x880c4ba,0x880c4fb,0,,
Civilian (F),0x305,Desc_CitizenClass,0x6e,0x0,0x5f,0x1,CivilianCard,0x0,8,1,0,0,0,0,3,5,80,20,20,20,20,20,25,1,10,0,0,0,0,10,0,0,0,0,0,0,0,0x0,NoRank,NoRank,NoRank,NoRank,NoRank,NoRank,NoRank,NoRank,0x0,0x880ba51,0x880ba51,0x880ba51,0x880c479,0x880c4ba,0x880c4fb,0x0,,
Civilian,0x305,Desc_CitizenClass,0x6f,0x0,0x60,0x1,CivilianCard,0x0,8,1,0,0,0,0,6,5,80,20,20,20,20,20,25,1,10,0,0,0,0,10,0,0,0,0,0,0,0,0x0,NoRank,NoRank,NoRank,NoRank,NoRank,NoRank,NoRank,NoRank,0x0,0x880ba51,0x880ba51,0x880ba51,0x880c479,0x880c4ba,0x880c4fb,0x0,,
Civilian (F),0x305,Desc_CitizenClass,0x70,0x0,0x61,0x1,CivilianCard,0x0,8,1,0,0,0,0,5,5,80,20,20,20,20,20,25,1,10,0,0,0,0,10,0,0,0,0,0,0,0,0x0,NoRank,NoRank,NoRank,NoRank,NoRank,NoRank,NoRank,NoRank,0x0,0x880ba51,0x880ba51,0x880ba51,0x880c479,0x880c4ba,0x880c4fb,0x0,,
Civilian,0x305,Desc_CitizenClass,0x71,0x0,0x60,0x1,CivilianCard,0x0,8,1,0,0,0,0,6,5,80,20,20,20,20,20,25,1,10,0,0,0,0,10,0,0,0,0,0,0,0,0x0,NoRank,NoRank,NoRank,NoRank,NoRank,NoRank,NoRank,NoRank,0x0,0x880ba51,0x880ba51,0x880ba51,0x880c479,0x880c4ba,0x880c4fb,0x0,,
Baron (Arbordia),_Baron,Desc_Baron,0x72,0x20,0x63,0x0,0xaf,0x13,30,12,10,8,12,10,12,5,80,36,34,32,36,36,25,6,95,50,50,30,25,25,10,0,0,0,0,0,0,IsPromoted,CRank,CRank,CRank,CRank,CRank,CRank,CRank,CRank,BaronAnims|IsPointer,ArmorMovement,ArmorMovement,ArmorMovement,0x880c479,0x880c4ba,0x880c4fb,ArmorType,,
Axe Cavalier F,_AxeCav,Desc_AxeCavF,0x73,0x74,AxeCavStAnims,0x0,AxeCavFCard,0xd,22,7,6,5,6,2,9,7,80,21,19,19,21,16,25,3,94,47,45,28,18,14,11,0,0,0,0,0,0,MountedAid|HasCanto|HorseIcon,NoRank,NoRank,DRank,NoRank,NoRank,NoRank,NoRank,NoRank,CavFAnims|IsPointer,CavMovement,CavMovement,CavMovement,0x880c479,0x880c4ba,0x880c4fb,HorseType,,
Axe Pal. F,_AxePal,Desc_AxePalF,0x74,0x73,AxePalStAnims,0x0,AxePalFCard,0xd,27,11,10,9,10,4,11,8,80,32,30,30,32,25,25,3,94,47,45,28,13,9,11,0,0,0,0,0,0,MountedAid|HasCanto|HorseIcon|IsPromoted,NoRank,NoRank,CRank,DRank,NoRank,NoRank,NoRank,NoRank,PalFAnims|IsPointer,PalMovement,PalMovement,PalMovement,0x880c479,0x880c4ba,0x880c4fb,HorseType,,
Bow Cavalier F,_BowCav,Desc_BowCavF,0x75,0x76,BowCavStAnims,0x0,BowCavFCard,0xd,20,5,9,8,3,5,6,7,80,17,24,24,16,20,25,3,76,34,65,42,11,25,16,0,0,0,0,0,0,MountedAid|HasCanto|HorseIcon,NoRank,NoRank,NoRank,DRank,NoRank,NoRank,NoRank,NoRank,CavFAnims|IsPointer,CavMovement,CavMovement,CavMovement,0x880c479,0x880c4ba,0x880c4fb,HorseType,,
Bow Pal. F,_BowPal,Desc_BowPalF,0x76,0x75,BowPalFStAnims,0x0,BowPalFCard,0xd,24,9,15,13,6,10,8,8,80,28,36,36,24,33,25,3,76,34,65,42,8,20,16,0,0,0,0,0,0,MountedAid|HasCanto|HorseIcon|IsPromoted,NoRank,DRank,NoRank,CRank,NoRank,NoRank,NoRank,NoRank,RangerFAnims|IsPointer,RangerMovement,RangerMovement,RangerMovement,0x880c479,0x880c4ba,0x880c4fb,HorseType,,
Light rune? don't change,_Filler,Desc_Filler,0x77,0x0,0x66,0x0,0x0,0x0,0,0,0,0,0,0,0,0,0,0,0,0,0,0,0,0,0,0,0,0,0,0,0,0,0,0,0,0,0,0x0,NoRank,NoRank,NoRank,NoRank,NoRank,NoRank,NoRank,NoRank,0x0,0x0,0x0,0x0,0x880c479,0x880c4ba,0x880c4fb,0x0,,
Freelancer,_Freelancer,Desc_Freelancer,0x78,0x0,0x67,0x1,0x1,0x0,20,3,3,3,3,3,7,6,80,30,30,30,30,30,25,1,10,0,0,0,0,10,0,0,0,0,0,0,0,IsPromoted,NoRank,NoRank,NoRank,NoRank,NoRank,NoRank,NoRank,NoRank,FreelancerAnims|IsPointer,BrigandMovement,BrigandMovement,BrigandMovement,0x880c479,0x880c4ba,0x880c4fb,0x0,,
copy of zeke lord for IZ,_IZLord,Desc_IZLord,0x79,0x3,0x0,0x0,0x8b,0x1,19,0,6,5,1,5,5,5,80,16,22,20,16,21,25,3,85,15,70,60,10,20,50,0,0,0,0,0,0,IsLord|UnlockEirika,NoRank,NoRank,NoRank,NoRank,NoRank,CRank,NoRank,NoRank,BlairAnims|IsPointer,BlairMovement,BlairMovement,BlairMovement,0x880c479,0x880c4ba,0x880c4fb,0,,
torch? don't change,_Filler,Desc_Filler,0x7a,0x0,0x69,0x1,0x1,0x0,10,0,0,0,0,0,8,5,80,20,20,20,20,20,25,1,10,0,0,0,0,10,0,0,0,0,0,0,0,0x0,NoRank,NoRank,NoRank,NoRank,NoRank,NoRank,NoRank,NoRank,0x0,0x880ba51,0x880ba51,0x880ba51,0x880c479,0x880c4ba,0x880c4fb,0x0,,
torch? don't change,_Filler,Desc_Filler,0x7b,0x0,0x6a,0x1,0x1,0x0,10,0,0,0,0,0,25,5,80,20,20,20,20,20,25,1,10,0,0,0,0,10,0,0,0,0,0,0,0,0x0,NoRank,NoRank,NoRank,NoRank,NoRank,NoRank,NoRank,NoRank,0x0,0x880ba51,0x880ba51,0x880ba51,0x880c479,0x880c4ba,0x880c4fb,0x0,,
Book,_Book,Desc_Book,0x7c,0x9,0x57,0x0,BookCard,0x0,8,1,3,1,3,8,2,0,10,5,5,5,10,25,25,3,5,5,5,5,10,15,10,0,0,0,0,0,0,0x0,NoRank,NoRank,NoRank,NoRank,NoRank,NoRank,NoRank,NoRank,BookAnims|IsPointer,InfantryMovement,InfantryMovement,InfantryMovement,0x880c479,0x880c4ba,0x880c4fb,0x0,,
Liberator,_Liberator,Desc_Liberator,0x7d,0x58,0x64,0x0,EmptyCard,0x0,10,0,0,0,0,0,10,6,80,36,36,36,36,36,25,6,0,0,0,0,0,0,0,0,0,0,0,0,0,IsPromoted|GiveNoExp,NoRank,NoRank,NoRank,NoRank,NoRank,NoRank,NoRank,NoRank,LiberationAnims|IsPointer,InfantryMovement,InfantryMovement,InfantryMovement,0x880c479,0x880c4ba,0x880c4fb,0x0,,
Dummy,_Dummy,Desc_Dummy,0x7e,0x38,0x53,0x0,0x8b,0x27,40,20,10,0,10,10,5,0,80,20,10,0,10,10,25,3,0,0,0,0,0,0,0,0,0,0,0,0,0,0x0,NoRank,NoRank,NoRank,NoRank,NoRank,NoRank,NoRank,NoRank,0x0,0x880b8cb,0x880b8cb,0x880b8cb,0x880c479,0x880c4ba,0x880c4fb,0x0,,
Swordmaster (kyrie),_Sword,Desc_Sword,0x7f,0x14,0x62,0x0,SwordmasterFCard,0x3,23,8,20,19,4,12,8,6,80,29,36,36,25,34,25,3,64,37,89,75,1,28,19,0,0,0,0,0,0,SwordmasterUnlock|IsPromoted|CritBoost,SRank,NoRank,NoRank,NoRank,NoRank,NoRank,NoRank,NoRank,KyrieAnims|IsPointer,LordMovement,LordMovement,LordMovement,0x880c479,0x880c4ba,0x880c4fb,0,,
